Model,Family,Set,Organic compounds,EXP LogKda,Predicted LogKda,Residual,n_descriptors,descriptors
MLR_allsub_TOP10_Q2LOO,MLR,TS,Trimethoprim,0.594,0.6471635457970955,-0.05316354579709548,4,CrippenLogP; SHBa; ALogP; RDF30i
MLR_allsub_TOP10_Q2LOO,MLR,TS,Sulfadiazine,0.853,0.7731529122785537,0.07984708772144633,4,CrippenLogP; SHBa; ALogP; RDF30i
MLR_allsub_TOP10_Q2LOO,MLR,VS,β-Hexachlorocyclohexane,2.18,2.620142122255039,-0.4401421222550388,4,CrippenLogP; SHBa; ALogP; RDF30i
MLR_allsub_TOP10_Q2LOO,MLR,VS,δ-Hexachlorocyclohexane,2.23,2.620142122255039,-0.39014212225503897,4,CrippenLogP; SHBa; ALogP; RDF30i
MLR_allsub_TOP10_Q2LOO,MLR,TS,γ-Hexachlorocyclohexane,2.58,2.620142122255039,-0.04014212225503888,4,CrippenLogP; SHBa; ALogP; RDF30i
MLR_allsub_TOP10_Q2LOO,MLR,VS,α-Hexachlorocyclohexane,2.69,2.620142122255039,0.069857877744961,4,CrippenLogP; SHBa; ALogP; RDF30i
MLR_allsub_TOP10_Q2LOO,MLR,TS,Phenanthrene,4.0,4.731666276424609,-0.7316662764246091,4,CrippenLogP; SHBa; ALogP; RDF30i
MLR_allsub_TOP10_Q2LOO,MLR,TS,Anthracene,4.29,4.741318736891396,-0.45131873689139557,4,CrippenLogP; SHBa; ALogP; RDF30i
MLR_allsub_TOP10_Q2LOO,MLR,TS,Pentachlorobenzene,4.5,4.724425360204619,-0.22442536020461912,4,CrippenLogP; SHBa; ALogP; RDF30i
MLR_allsub_TOP10_Q2LOO,MLR,TS,Fluoranthene,4.79,4.697103094069281,0.09289690593071942,4,CrippenLogP; SHBa; ALogP; RDF30i
MLR_allsub_TOP10_Q2LOO,MLR,TS,Pyrene,4.8,5.197195482998286,-0.3971954829982858,4,CrippenLogP; SHBa; ALogP; RDF30i
MLR_allsub_TOP10_Q2LOO,MLR,TS,"2,3-dichlorobiphenyl",4.98,4.484276437215914,0.4957235627840868,4,CrippenLogP; SHBa; ALogP; RDF30i
MLR_allsub_TOP10_Q2LOO,MLR,TS,"2,4′-dichlorobiphenyl",4.98,4.510308167078297,0.46969183292170325,4,CrippenLogP; SHBa; ALogP; RDF30i
MLR_allsub_TOP10_Q2LOO,MLR,TS,Hexachlorobenzene,5.01,4.474635966284059,0.5353640337159407,4,CrippenLogP; SHBa; ALogP; RDF30i
MLR_allsub_TOP10_Q2LOO,MLR,TS,"2,4,4′-trichlorobiohenyl",5.09,4.864536740338368,0.22546325966163216,4,CrippenLogP; SHBa; ALogP; RDF30i
MLR_allsub_TOP10_Q2LOO,MLR,TS,"2,2′,5,5′-tetrachlorobiphenyl",5.09,5.220748584848026,-0.13074858484802654,4,CrippenLogP; SHBa; ALogP; RDF30i
MLR_allsub_TOP10_Q2LOO,MLR,VS,"2,2′,3,5′-tetrachlorobiphenyl",5.14,5.149958175662754,-0.009958175662754698,4,CrippenLogP; SHBa; ALogP; RDF30i
MLR_allsub_TOP10_Q2LOO,MLR,VS,"2,3′,4,4'-tetrachlorobiphenyl",5.26,5.232427253975574,0.0275727460244255,4,CrippenLogP; SHBa; ALogP; RDF30i
MLR_allsub_TOP10_Q2LOO,MLR,TS,"2,2′,3,5′,6-pentachlorobiphenyl",5.26,5.4919391825976405,-0.23193918259764068,4,CrippenLogP; SHBa; ALogP; RDF30i
MLR_allsub_TOP10_Q2LOO,MLR,TS,"2,2′,3,3′,4,4′-hexachlorobiphenyl",5.45,5.812128734095182,-0.3621287340951822,4,CrippenLogP; SHBa; ALogP; RDF30i
MLR_allsub_TOP10_Q2LOO,MLR,TS,"2,2′,3,4′,5-pentachlorobiphenyl",5.51,5.542596493017081,-0.03259649301708123,4,CrippenLogP; SHBa; ALogP; RDF30i
MLR_allsub_TOP10_Q2LOO,MLR,VS,"2,2′,4,5,5′-pentachlorobiphenyl",5.51,5.504157158199104,0.005842841800896004,4,CrippenLogP; SHBa; ALogP; RDF30i
MLR_allsub_TOP10_Q2LOO,MLR,TS,Chrysene,5.51,5.57674169248318,-0.06674169248318051,4,CrippenLogP; SHBa; ALogP; RDF30i
MLR_allsub_TOP10_Q2LOO,MLR,TS,"3,3′,4,4′-tetrachlorobiphenyl",5.63,5.637295385311693,-0.007295385311692826,4,CrippenLogP; SHBa; ALogP; RDF30i
MLR_allsub_TOP10_Q2LOO,MLR,TS,"2,3,3′,4′,6-pentachlorobiphenyl",5.63,5.522126977415977,0.1078730225840232,4,CrippenLogP; SHBa; ALogP; RDF30i
MLR_allsub_TOP10_Q2LOO,MLR,VS,"2,3′,4,4′,5-pentachlorobiphenyl",5.71,5.5335578873576265,0.17644211264237342,4,CrippenLogP; SHBa; ALogP; RDF30i
MLR_allsub_TOP10_Q2LOO,MLR,TS,"2,2′,3,4′,5,5′,6-heptachlorobiphenyl",5.73,6.1834415141012675,-0.4534415141012671,4,CrippenLogP; SHBa; ALogP; RDF30i
MLR_allsub_TOP10_Q2LOO,MLR,VS,"2,3,3′,4,4′-pentachlorobiphenyl",5.77,5.546848801174586,0.22315119882541357,4,CrippenLogP; SHBa; ALogP; RDF30i
MLR_allsub_TOP10_Q2LOO,MLR,TS,"2,2′,3,4,4′,5-hexachlorobiphenyl",5.77,5.855087249095066,-0.08508724909506604,4,CrippenLogP; SHBa; ALogP; RDF30i
MLR_allsub_TOP10_Q2LOO,MLR,VS,"2,3,3′,4,5,6-hexachlorobiphenyl",6.06,5.820305187455334,0.2396948125446654,4,CrippenLogP; SHBa; ALogP; RDF30i
MLR_allsub_TOP10_Q2LOO,MLR,TS,Benzo[a]pyrene,6.1,6.048877862997885,0.051122137002114876,4,CrippenLogP; SHBa; ALogP; RDF30i
MLR_allsub_TOP10_Q2LOO,MLR,VS,"2,2′,3,3′,4,6′-hexachlorobiphenyl",6.19,5.794509574338799,0.3954904256612011,4,CrippenLogP; SHBa; ALogP; RDF30i
MLR_allsub_TOP10_Q2LOO,MLR,TS,"2,2′,4,4′,5,5′-hexachlorobiphenyl",6.19,5.887112271276752,0.3028877287232481,4,CrippenLogP; SHBa; ALogP; RDF30i
MLR_allsub_TOP10_Q2LOO,MLR,TS,"Benzo[g,h,i]perylene",6.69,6.368478207552261,0.32152179244773915,4,CrippenLogP; SHBa; ALogP; RDF30i
MLR_allsub_TOP10_Q2LOO,MLR,TS,"Dibenz[a,h]anthracene",7.0,6.414501003372463,0.5854989966275372,4,CrippenLogP; SHBa; ALogP; RDF30i
kNN_allsub_TOP10_k2,kNN,TS,Trimethoprim,0.594,0.7235,-0.12950000000000006,2,CrippenLogP; AATS3i
kNN_allsub_TOP10_k2,kNN,TS,Sulfadiazine,0.853,0.7235,0.12949999999999995,2,CrippenLogP; AATS3i
kNN_allsub_TOP10_k2,kNN,VS,β-Hexachlorocyclohexane,2.18,1.587,0.5930000000000002,2,CrippenLogP; AATS3i
kNN_allsub_TOP10_k2,kNN,VS,δ-Hexachlorocyclohexane,2.23,1.587,0.643,2,CrippenLogP; AATS3i
kNN_allsub_TOP10_k2,kNN,TS,γ-Hexachlorocyclohexane,2.58,1.587,0.9930000000000001,2,CrippenLogP; AATS3i
kNN_allsub_TOP10_k2,kNN,VS,α-Hexachlorocyclohexane,2.69,1.587,1.103,2,CrippenLogP; AATS3i
kNN_allsub_TOP10_k2,kNN,TS,Phenanthrene,4.0,4.145,-0.14499999999999957,2,CrippenLogP; AATS3i
kNN_allsub_TOP10_k2,kNN,TS,Anthracene,4.29,4.145,0.14500000000000046,2,CrippenLogP; AATS3i
kNN_allsub_TOP10_k2,kNN,TS,Pentachlorobenzene,4.5,4.755,-0.2549999999999999,2,CrippenLogP; AATS3i
kNN_allsub_TOP10_k2,kNN,TS,Fluoranthene,4.79,4.795,-0.004999999999999893,2,CrippenLogP; AATS3i
kNN_allsub_TOP10_k2,kNN,TS,Pyrene,4.8,4.795,0.004999999999999893,2,CrippenLogP; AATS3i
kNN_allsub_TOP10_k2,kNN,TS,"2,3-dichlorobiphenyl",4.98,4.98,0.0,2,CrippenLogP; AATS3i
kNN_allsub_TOP10_k2,kNN,TS,"2,4′-dichlorobiphenyl",4.98,4.98,0.0,2,CrippenLogP; AATS3i
kNN_allsub_TOP10_k2,kNN,TS,Hexachlorobenzene,5.01,5.05,-0.040000000000000036,2,CrippenLogP; AATS3i
kNN_allsub_TOP10_k2,kNN,TS,"2,4,4′-trichlorobiohenyl",5.09,5.05,0.040000000000000036,2,CrippenLogP; AATS3i
kNN_allsub_TOP10_k2,kNN,TS,"2,2′,5,5′-tetrachlorobiphenyl",5.09,5.359999999999999,-0.2699999999999996,2,CrippenLogP; AATS3i
kNN_allsub_TOP10_k2,kNN,VS,"2,2′,3,5′-tetrachlorobiphenyl",5.14,5.359999999999999,-0.21999999999999975,2,CrippenLogP; AATS3i
kNN_allsub_TOP10_k2,kNN,VS,"2,3′,4,4'-tetrachlorobiphenyl",5.26,5.359999999999999,-0.09999999999999964,2,CrippenLogP; AATS3i
kNN_allsub_TOP10_k2,kNN,TS,"2,2′,3,5′,6-pentachlorobiphenyl",5.26,5.445,-0.1850000000000005,2,CrippenLogP; AATS3i
kNN_allsub_TOP10_k2,kNN,TS,"2,2′,3,3′,4,4′-hexachlorobiphenyl",5.45,5.609999999999999,-0.15999999999999925,2,CrippenLogP; AATS3i
kNN_allsub_TOP10_k2,kNN,TS,"2,2′,3,4′,5-pentachlorobiphenyl",5.51,5.57,-0.0600000000000005,2,CrippenLogP; AATS3i
kNN_allsub_TOP10_k2,kNN,VS,"2,2′,4,5,5′-pentachlorobiphenyl",5.51,5.57,-0.0600000000000005,2,CrippenLogP; AATS3i
kNN_allsub_TOP10_k2,kNN,TS,Chrysene,5.51,5.15,0.35999999999999943,2,CrippenLogP; AATS3i
kNN_allsub_TOP10_k2,kNN,TS,"3,3′,4,4′-tetrachlorobiphenyl",5.63,5.445,0.1849999999999996,2,CrippenLogP; AATS3i
kNN_allsub_TOP10_k2,kNN,TS,"2,3,3′,4′,6-pentachlorobiphenyl",5.63,5.57,0.05999999999999961,2,CrippenLogP; AATS3i
kNN_allsub_TOP10_k2,kNN,VS,"2,3′,4,4′,5-pentachlorobiphenyl",5.71,5.57,0.13999999999999968,2,CrippenLogP; AATS3i
kNN_allsub_TOP10_k2,kNN,TS,"2,2′,3,4′,5,5′,6-heptachlorobiphenyl",5.73,5.960000000000001,-0.23000000000000043,2,CrippenLogP; AATS3i
kNN_allsub_TOP10_k2,kNN,VS,"2,3,3′,4,4′-pentachlorobiphenyl",5.77,5.57,0.1999999999999993,2,CrippenLogP; AATS3i
kNN_allsub_TOP10_k2,kNN,TS,"2,2′,3,4,4′,5-hexachlorobiphenyl",5.77,5.98,-0.21000000000000085,2,CrippenLogP; AATS3i
kNN_allsub_TOP10_k2,kNN,VS,"2,3,3′,4,5,6-hexachlorobiphenyl",6.06,5.98,0.07999999999999918,2,CrippenLogP; AATS3i
kNN_allsub_TOP10_k2,kNN,TS,Benzo[a]pyrene,6.1,6.55,-0.4500000000000002,2,CrippenLogP; AATS3i
kNN_allsub_TOP10_k2,kNN,VS,"2,2′,3,3′,4,6′-hexachlorobiphenyl",6.19,5.609999999999999,0.580000000000001,2,CrippenLogP; AATS3i
kNN_allsub_TOP10_k2,kNN,TS,"2,2′,4,4′,5,5′-hexachlorobiphenyl",6.19,5.98,0.20999999999999996,2,CrippenLogP; AATS3i
kNN_allsub_TOP10_k2,kNN,TS,"Benzo[g,h,i]perylene",6.69,6.395,0.2950000000000008,2,CrippenLogP; AATS3i
kNN_allsub_TOP10_k2,kNN,TS,"Dibenz[a,h]anthracene",7.0,6.55,0.4500000000000002,2,CrippenLogP; AATS3i
PLS_TOP15_LV2,PLS,TS,Trimethoprim,0.594,0.6740504758742683,-0.08005047587426828,15,Mi; CrippenLogP; AATS3i; XLogP; SHBa; ALogP; GATS3c; RDF30i; AATSC3s; FPSA-2; LipoaffinityIndex; εα; ATSC4s; AATS5i; RDF20i
PLS_TOP15_LV2,PLS,TS,Sulfadiazine,0.853,0.7670755770564472,0.08592442294355274,15,Mi; CrippenLogP; AATS3i; XLogP; SHBa; ALogP; GATS3c; RDF30i; AATSC3s; FPSA-2; LipoaffinityIndex; εα; ATSC4s; AATS5i; RDF20i
PLS_TOP15_LV2,PLS,VS,β-Hexachlorocyclohexane,2.18,2.6882505219008235,-0.5082505219008233,15,Mi; CrippenLogP; AATS3i; XLogP; SHBa; ALogP; GATS3c; RDF30i; AATSC3s; FPSA-2; LipoaffinityIndex; εα; ATSC4s; AATS5i; RDF20i
PLS_TOP15_LV2,PLS,VS,δ-Hexachlorocyclohexane,2.23,2.686052637512018,-0.45605263751201797,15,Mi; CrippenLogP; AATS3i; XLogP; SHBa; ALogP; GATS3c; RDF30i; AATSC3s; FPSA-2; LipoaffinityIndex; εα; ATSC4s; AATS5i; RDF20i
PLS_TOP15_LV2,PLS,TS,γ-Hexachlorocyclohexane,2.58,2.681970852218522,-0.10197085221852209,15,Mi; CrippenLogP; AATS3i; XLogP; SHBa; ALogP; GATS3c; RDF30i; AATSC3s; FPSA-2; LipoaffinityIndex; εα; ATSC4s; AATS5i; RDF20i
PLS_TOP15_LV2,PLS,VS,α-Hexachlorocyclohexane,2.69,2.6829128026708675,0.007087197329132433,15,Mi; CrippenLogP; AATS3i; XLogP; SHBa; ALogP; GATS3c; RDF30i; AATSC3s; FPSA-2; LipoaffinityIndex; εα; ATSC4s; AATS5i; RDF20i
PLS_TOP15_LV2,PLS,TS,Phenanthrene,4.0,4.764860305454663,-0.764860305454663,15,Mi; CrippenLogP; AATS3i; XLogP; SHBa; ALogP; GATS3c; RDF30i; AATSC3s; FPSA-2; LipoaffinityIndex; εα; ATSC4s; AATS5i; RDF20i
PLS_TOP15_LV2,PLS,TS,Anthracene,4.29,4.760478803292858,-0.47047880329285796,15,Mi; CrippenLogP; AATS3i; XLogP; SHBa; ALogP; GATS3c; RDF30i; AATSC3s; FPSA-2; LipoaffinityIndex; εα; ATSC4s; AATS5i; RDF20i
PLS_TOP15_LV2,PLS,TS,Pentachlorobenzene,4.5,4.248846300655227,0.2511536993447727,15,Mi; CrippenLogP; AATS3i; XLogP; SHBa; ALogP; GATS3c; RDF30i; AATSC3s; FPSA-2; LipoaffinityIndex; εα; ATSC4s; AATS5i; RDF20i
PLS_TOP15_LV2,PLS,TS,Fluoranthene,4.79,5.1430704142084,-0.3530704142083998,15,Mi; CrippenLogP; AATS3i; XLogP; SHBa; ALogP; GATS3c; RDF30i; AATSC3s; FPSA-2; LipoaffinityIndex; εα; ATSC4s; AATS5i; RDF20i
PLS_TOP15_LV2,PLS,TS,Pyrene,4.8,5.232766193983749,-0.43276619398374905,15,Mi; CrippenLogP; AATS3i; XLogP; SHBa; ALogP; GATS3c; RDF30i; AATSC3s; FPSA-2; LipoaffinityIndex; εα; ATSC4s; AATS5i; RDF20i
PLS_TOP15_LV2,PLS,TS,"2,3-dichlorobiphenyl",4.98,4.60038540244268,0.3796145975573202,15,Mi; CrippenLogP; AATS3i; XLogP; SHBa; ALogP; GATS3c; RDF30i; AATSC3s; FPSA-2; LipoaffinityIndex; εα; ATSC4s; AATS5i; RDF20i
PLS_TOP15_LV2,PLS,TS,"2,4′-dichlorobiphenyl",4.98,4.527643269622282,0.4523567303777183,15,Mi; CrippenLogP; AATS3i; XLogP; SHBa; ALogP; GATS3c; RDF30i; AATSC3s; FPSA-2; LipoaffinityIndex; εα; ATSC4s; AATS5i; RDF20i
PLS_TOP15_LV2,PLS,TS,Hexachlorobenzene,5.01,4.505769188810814,0.5042308111891858,15,Mi; CrippenLogP; AATS3i; XLogP; SHBa; ALogP; GATS3c; RDF30i; AATSC3s; FPSA-2; LipoaffinityIndex; εα; ATSC4s; AATS5i; RDF20i
PLS_TOP15_LV2,PLS,TS,"2,4,4′-trichlorobiohenyl",5.09,4.808314152158553,0.28168584784144723,15,Mi; CrippenLogP; AATS3i; XLogP; SHBa; ALogP; GATS3c; RDF30i; AATSC3s; FPSA-2; LipoaffinityIndex; εα; ATSC4s; AATS5i; RDF20i
PLS_TOP15_LV2,PLS,TS,"2,2′,5,5′-tetrachlorobiphenyl",5.09,5.233521625473378,-0.14352162547337777,15,Mi; CrippenLogP; AATS3i; XLogP; SHBa; ALogP; GATS3c; RDF30i; AATSC3s; FPSA-2; LipoaffinityIndex; εα; ATSC4s; AATS5i; RDF20i
PLS_TOP15_LV2,PLS,VS,"2,2′,3,5′-tetrachlorobiphenyl",5.14,5.199587943486952,-0.05958794348695218,15,Mi; CrippenLogP; AATS3i; XLogP; SHBa; ALogP; GATS3c; RDF30i; AATSC3s; FPSA-2; LipoaffinityIndex; εα; ATSC4s; AATS5i; RDF20i
PLS_TOP15_LV2,PLS,VS,"2,3′,4,4'-tetrachlorobiphenyl",5.26,5.19172566259781,0.06827433740218947,15,Mi; CrippenLogP; AATS3i; XLogP; SHBa; ALogP; GATS3c; RDF30i; AATSC3s; FPSA-2; LipoaffinityIndex; εα; ATSC4s; AATS5i; RDF20i
PLS_TOP15_LV2,PLS,TS,"2,2′,3,5′,6-pentachlorobiphenyl",5.26,5.528741427652508,-0.2687414276525084,15,Mi; CrippenLogP; AATS3i; XLogP; SHBa; ALogP; GATS3c; RDF30i; AATSC3s; FPSA-2; LipoaffinityIndex; εα; ATSC4s; AATS5i; RDF20i
PLS_TOP15_LV2,PLS,TS,"2,2′,3,3′,4,4′-hexachlorobiphenyl",5.45,5.884701277691024,-0.4347012776910235,15,Mi; CrippenLogP; AATS3i; XLogP; SHBa; ALogP; GATS3c; RDF30i; AATSC3s; FPSA-2; LipoaffinityIndex; εα; ATSC4s; AATS5i; RDF20i
PLS_TOP15_LV2,PLS,TS,"2,2′,3,4′,5-pentachlorobiphenyl",5.51,5.498100352161732,0.011899647838268024,15,Mi; CrippenLogP; AATS3i; XLogP; SHBa; ALogP; GATS3c; RDF30i; AATSC3s; FPSA-2; LipoaffinityIndex; εα; ATSC4s; AATS5i; RDF20i
PLS_TOP15_LV2,PLS,VS,"2,2′,4,5,5′-pentachlorobiphenyl",5.51,5.536818253467181,-0.02681825346718103,15,Mi; CrippenLogP; AATS3i; XLogP; SHBa; ALogP; GATS3c; RDF30i; AATSC3s; FPSA-2; LipoaffinityIndex; εα; ATSC4s; AATS5i; RDF20i
PLS_TOP15_LV2,PLS,TS,Chrysene,5.51,5.549164465155323,-0.03916446515532357,15,Mi; CrippenLogP; AATS3i; XLogP; SHBa; ALogP; GATS3c; RDF30i; AATSC3s; FPSA-2; LipoaffinityIndex; εα; ATSC4s; AATS5i; RDF20i
PLS_TOP15_LV2,PLS,TS,"3,3′,4,4′-tetrachlorobiphenyl",5.63,5.403690273745484,0.22630972625451573,15,Mi; CrippenLogP; AATS3i; XLogP; SHBa; ALogP; GATS3c; RDF30i; AATSC3s; FPSA-2; LipoaffinityIndex; εα; ATSC4s; AATS5i; RDF20i
PLS_TOP15_LV2,PLS,TS,"2,3,3′,4′,6-pentachlorobiphenyl",5.63,5.560952811747832,0.06904718825216793,15,Mi; CrippenLogP; AATS3i; XLogP; SHBa; ALogP; GATS3c; RDF30i; AATSC3s; FPSA-2; LipoaffinityIndex; εα; ATSC4s; AATS5i; RDF20i
PLS_TOP15_LV2,PLS,VS,"2,3′,4,4′,5-pentachlorobiphenyl",5.71,5.586404297975035,0.12359570202496517,15,Mi; CrippenLogP; AATS3i; XLogP; SHBa; ALogP; GATS3c; RDF30i; AATSC3s; FPSA-2; LipoaffinityIndex; εα; ATSC4s; AATS5i; RDF20i
PLS_TOP15_LV2,PLS,TS,"2,2′,3,4′,5,5′,6-heptachlorobiphenyl",5.73,6.237242704014194,-0.5072427040141934,15,Mi; CrippenLogP; AATS3i; XLogP; SHBa; ALogP; GATS3c; RDF30i; AATSC3s; FPSA-2; LipoaffinityIndex; εα; ATSC4s; AATS5i; RDF20i
PLS_TOP15_LV2,PLS,VS,"2,3,3′,4,4′-pentachlorobiphenyl",5.77,5.5917130342400565,0.17828696575994307,15,Mi; CrippenLogP; AATS3i; XLogP; SHBa; ALogP; GATS3c; RDF30i; AATSC3s; FPSA-2; LipoaffinityIndex; εα; ATSC4s; AATS5i; RDF20i
PLS_TOP15_LV2,PLS,TS,"2,2′,3,4,4′,5-hexachlorobiphenyl",5.77,5.846192864877435,-0.07619286487743526,15,Mi; CrippenLogP; AATS3i; XLogP; SHBa; ALogP; GATS3c; RDF30i; AATSC3s; FPSA-2; LipoaffinityIndex; εα; ATSC4s; AATS5i; RDF20i
PLS_TOP15_LV2,PLS,VS,"2,3,3′,4,5,6-hexachlorobiphenyl",6.06,5.8799700269184125,0.18002997308158708,15,Mi; CrippenLogP; AATS3i; XLogP; SHBa; ALogP; GATS3c; RDF30i; AATSC3s; FPSA-2; LipoaffinityIndex; εα; ATSC4s; AATS5i; RDF20i
PLS_TOP15_LV2,PLS,TS,Benzo[a]pyrene,6.1,6.000549750279315,0.09945024972068506,15,Mi; CrippenLogP; AATS3i; XLogP; SHBa; ALogP; GATS3c; RDF30i; AATSC3s; FPSA-2; LipoaffinityIndex; εα; ATSC4s; AATS5i; RDF20i
PLS_TOP15_LV2,PLS,VS,"2,2′,3,3′,4,6′-hexachlorobiphenyl",6.19,5.879345847334679,0.3106541526653217,15,Mi; CrippenLogP; AATS3i; XLogP; SHBa; ALogP; GATS3c; RDF30i; AATSC3s; FPSA-2; LipoaffinityIndex; εα; ATSC4s; AATS5i; RDF20i
PLS_TOP15_LV2,PLS,TS,"2,2′,4,4′,5,5′-hexachlorobiphenyl",6.19,5.930073189578056,0.25992681042194477,15,Mi; CrippenLogP; AATS3i; XLogP; SHBa; ALogP; GATS3c; RDF30i; AATSC3s; FPSA-2; LipoaffinityIndex; εα; ATSC4s; AATS5i; RDF20i
PLS_TOP15_LV2,PLS,TS,"Benzo[g,h,i]perylene",6.69,6.471560733868198,0.21843926613180198,15,Mi; CrippenLogP; AATS3i; XLogP; SHBa; ALogP; GATS3c; RDF30i; AATSC3s; FPSA-2; LipoaffinityIndex; εα; ATSC4s; AATS5i; RDF20i
PLS_TOP15_LV2,PLS,TS,"Dibenz[a,h]anthracene",7.0,6.167277587977052,0.8327224120229477,15,Mi; CrippenLogP; AATS3i; XLogP; SHBa; ALogP; GATS3c; RDF30i; AATSC3s; FPSA-2; LipoaffinityIndex; εα; ATSC4s; AATS5i; RDF20i
SVR_RFE_RBF_grid,SVR,TS,Trimethoprim,0.594,0.6942626608712339,-0.10026266087123392,2,FPSA-2; AMR
SVR_RFE_RBF_grid,SVR,TS,Sulfadiazine,0.853,0.9529046642627446,-0.09990466426274458,2,FPSA-2; AMR
SVR_RFE_RBF_grid,SVR,VS,β-Hexachlorocyclohexane,2.18,2.680028891234289,-0.500028891234289,2,FPSA-2; AMR
SVR_RFE_RBF_grid,SVR,VS,δ-Hexachlorocyclohexane,2.23,2.680028891234289,-0.45002889123428913,2,FPSA-2; AMR
SVR_RFE_RBF_grid,SVR,TS,γ-Hexachlorocyclohexane,2.58,2.680028891234289,-0.10002889123428904,2,FPSA-2; AMR
SVR_RFE_RBF_grid,SVR,VS,α-Hexachlorocyclohexane,2.69,2.680028891234289,0.009971108765710834,2,FPSA-2; AMR
SVR_RFE_RBF_grid,SVR,TS,Phenanthrene,4.0,4.418090442197978,-0.4180904421979781,2,FPSA-2; AMR
SVR_RFE_RBF_grid,SVR,TS,Anthracene,4.29,4.184193702969749,0.10580629703025135,2,FPSA-2; AMR
SVR_RFE_RBF_grid,SVR,TS,Pentachlorobenzene,4.5,4.400223593093924,0.09977640690607625,2,FPSA-2; AMR
SVR_RFE_RBF_grid,SVR,TS,Fluoranthene,4.79,4.862496738071542,-0.07249673807154178,2,FPSA-2; AMR
SVR_RFE_RBF_grid,SVR,TS,Pyrene,4.8,4.997624777016975,-0.19762477701697545,2,FPSA-2; AMR
SVR_RFE_RBF_grid,SVR,TS,"2,3-dichlorobiphenyl",4.98,4.6138742489223725,0.3661257510776279,2,FPSA-2; AMR
SVR_RFE_RBF_grid,SVR,TS,"2,4′-dichlorobiphenyl",4.98,4.722247549378853,0.2577524506211475,2,FPSA-2; AMR
SVR_RFE_RBF_grid,SVR,TS,Hexachlorobenzene,5.01,5.090352575999064,-0.08035257599906398,2,FPSA-2; AMR
SVR_RFE_RBF_grid,SVR,TS,"2,4,4′-trichlorobiohenyl",5.09,5.190043134729985,-0.10004313472998483,2,FPSA-2; AMR
SVR_RFE_RBF_grid,SVR,TS,"2,2′,5,5′-tetrachlorobiphenyl",5.09,5.461543554164609,-0.37154355416460927,2,FPSA-2; AMR
SVR_RFE_RBF_grid,SVR,VS,"2,2′,3,5′-tetrachlorobiphenyl",5.14,5.241529937679809,-0.10152993767980956,2,FPSA-2; AMR
SVR_RFE_RBF_grid,SVR,VS,"2,3′,4,4'-tetrachlorobiphenyl",5.26,5.443428770855249,-0.1834287708552491,2,FPSA-2; AMR
SVR_RFE_RBF_grid,SVR,TS,"2,2′,3,5′,6-pentachlorobiphenyl",5.26,5.455348547775241,-0.19534854777524124,2,FPSA-2; AMR
SVR_RFE_RBF_grid,SVR,TS,"2,2′,3,3′,4,4′-hexachlorobiphenyl",5.45,5.610669560166071,-0.16066956016607126,2,FPSA-2; AMR
SVR_RFE_RBF_grid,SVR,TS,"2,2′,3,4′,5-pentachlorobiphenyl",5.51,5.528118933776524,-0.01811893377652396,2,FPSA-2; AMR
SVR_RFE_RBF_grid,SVR,VS,"2,2′,4,5,5′-pentachlorobiphenyl",5.51,5.486286770918653,0.023713229081346654,2,FPSA-2; AMR
SVR_RFE_RBF_grid,SVR,TS,Chrysene,5.51,5.409371025782537,0.10062897421746264,2,FPSA-2; AMR
SVR_RFE_RBF_grid,SVR,TS,"3,3′,4,4′-tetrachlorobiphenyl",5.63,5.469799903985647,0.1602000960143526,2,FPSA-2; AMR
SVR_RFE_RBF_grid,SVR,TS,"2,3,3′,4′,6-pentachlorobiphenyl",5.63,5.559098362469179,0.07090163753082113,2,FPSA-2; AMR
SVR_RFE_RBF_grid,SVR,VS,"2,3′,4,4′,5-pentachlorobiphenyl",5.71,5.5817248127732775,0.1282751872267225,2,FPSA-2; AMR
SVR_RFE_RBF_grid,SVR,TS,"2,2′,3,4′,5,5′,6-heptachlorobiphenyl",5.73,5.830101484045494,-0.1001014840454939,2,FPSA-2; AMR
SVR_RFE_RBF_grid,SVR,VS,"2,3,3′,4,4′-pentachlorobiphenyl",5.77,5.485256400248673,0.28474359975132657,2,FPSA-2; AMR
SVR_RFE_RBF_grid,SVR,TS,"2,2′,3,4,4′,5-hexachlorobiphenyl",5.77,5.637745924022472,0.13225407597752792,2,FPSA-2; AMR
SVR_RFE_RBF_grid,SVR,VS,"2,3,3′,4,5,6-hexachlorobiphenyl",6.06,5.6636852683876455,0.3963147316123541,2,FPSA-2; AMR
SVR_RFE_RBF_grid,SVR,TS,Benzo[a]pyrene,6.1,6.000056841486508,0.09994315851349178,2,FPSA-2; AMR
SVR_RFE_RBF_grid,SVR,VS,"2,2′,3,3′,4,6′-hexachlorobiphenyl",6.19,5.629295780221998,0.5607042197780023,2,FPSA-2; AMR
SVR_RFE_RBF_grid,SVR,TS,"2,2′,4,4′,5,5′-hexachlorobiphenyl",6.19,5.6630810938636476,0.5269189061363528,2,FPSA-2; AMR
SVR_RFE_RBF_grid,SVR,TS,"Benzo[g,h,i]perylene",6.69,6.682719183155575,0.007280816844425608,2,FPSA-2; AMR
SVR_RFE_RBF_grid,SVR,TS,"Dibenz[a,h]anthracene",7.0,7.03138232957118,-0.03138232957117992,2,FPSA-2; AMR
