Model,Family,Set,Organic compounds,EXP LogKda,Predicted LogKda,Residual,Standardized residual,Leverage h,Warning leverage h*,Leverage space,p_eff_for_h_star,n_descriptors,descriptors,Outside leverage domain,Outlier residual,Outside applicability domain
MLR_allsub_TOP10_Q2LOO,MLR,TS,Trimethoprim,0.594,0.6471635457970955,-0.05316354579709548,-0.1435536486830452,0.6463885190603541,0.6,descriptor space,4,4,CrippenLogP; SHBa; ALogP; RDF30i,True,False,True
MLR_allsub_TOP10_Q2LOO,MLR,TS,Sulfadiazine,0.853,0.7731529122785537,0.07984708772144633,0.21560527250902498,0.6969214295550324,0.6,descriptor space,4,4,CrippenLogP; SHBa; ALogP; RDF30i,True,False,True
MLR_allsub_TOP10_Q2LOO,MLR,VS,β-Hexachlorocyclohexane,2.18,2.620142122255039,-0.4401421222550388,-1.1884836995252066,0.6723419572495984,0.6,descriptor space,4,4,CrippenLogP; SHBa; ALogP; RDF30i,True,False,True
MLR_allsub_TOP10_Q2LOO,MLR,VS,δ-Hexachlorocyclohexane,2.23,2.620142122255039,-0.39014212225503897,-1.053472343030163,0.6723419572495984,0.6,descriptor space,4,4,CrippenLogP; SHBa; ALogP; RDF30i,True,False,True
MLR_allsub_TOP10_Q2LOO,MLR,TS,γ-Hexachlorocyclohexane,2.58,2.620142122255039,-0.04014212225503888,-0.10839284756485396,0.6723419572495984,0.6,descriptor space,4,4,CrippenLogP; SHBa; ALogP; RDF30i,True,False,True
MLR_allsub_TOP10_Q2LOO,MLR,VS,α-Hexachlorocyclohexane,2.69,2.620142122255039,0.069857877744961,0.18863213672424273,0.6723419572495984,0.6,descriptor space,4,4,CrippenLogP; SHBa; ALogP; RDF30i,True,False,True
MLR_allsub_TOP10_Q2LOO,MLR,TS,Phenanthrene,4.0,4.731666276424609,-0.7316662764246091,-1.9756651296352876,0.15621661003971912,0.6,descriptor space,4,4,CrippenLogP; SHBa; ALogP; RDF30i,False,False,False
MLR_allsub_TOP10_Q2LOO,MLR,TS,Anthracene,4.29,4.741318736891396,-0.45131873689139557,-1.2186630975867443,0.158365991875029,0.6,descriptor space,4,4,CrippenLogP; SHBa; ALogP; RDF30i,False,False,False
MLR_allsub_TOP10_Q2LOO,MLR,TS,Pentachlorobenzene,4.5,4.724425360204619,-0.22442536020461912,-0.6059994462622903,0.045639958188039474,0.6,descriptor space,4,4,CrippenLogP; SHBa; ALogP; RDF30i,False,False,False
MLR_allsub_TOP10_Q2LOO,MLR,TS,Fluoranthene,4.79,4.697103094069281,0.09289690593071942,0.2508427456779787,0.42240226774631634,0.6,descriptor space,4,4,CrippenLogP; SHBa; ALogP; RDF30i,False,False,False
MLR_allsub_TOP10_Q2LOO,MLR,TS,Pyrene,4.8,5.197195482998286,-0.3971954829982858,-1.0725180190660557,0.12569732301649986,0.6,descriptor space,4,4,CrippenLogP; SHBa; ALogP; RDF30i,False,False,False
MLR_allsub_TOP10_Q2LOO,MLR,TS,"2,3-dichlorobiphenyl",4.98,4.484276437215914,0.4957235627840868,1.3385662131607143,0.14853883661676998,0.6,descriptor space,4,4,CrippenLogP; SHBa; ALogP; RDF30i,False,False,False
MLR_allsub_TOP10_Q2LOO,MLR,TS,"2,4′-dichlorobiphenyl",4.98,4.510308167078297,0.46969183292170325,1.2682746299480554,0.15718263439006805,0.6,descriptor space,4,4,CrippenLogP; SHBa; ALogP; RDF30i,False,False,False
MLR_allsub_TOP10_Q2LOO,MLR,TS,Hexachlorobenzene,5.01,4.474635966284059,0.5353640337159407,1.4456044882129535,0.07226135544854281,0.6,descriptor space,4,4,CrippenLogP; SHBa; ALogP; RDF30i,False,False,False
MLR_allsub_TOP10_Q2LOO,MLR,TS,"2,4,4′-trichlorobiohenyl",5.09,4.864536740338368,0.22546325966163216,0.6088020105342263,0.09617269817988348,0.6,descriptor space,4,4,CrippenLogP; SHBa; ALogP; RDF30i,False,False,False
MLR_allsub_TOP10_Q2LOO,MLR,TS,"2,2′,5,5′-tetrachlorobiphenyl",5.09,5.220748584848026,-0.13074858484802654,-0.35305087600278867,0.07102396321628741,0.6,descriptor space,4,4,CrippenLogP; SHBa; ALogP; RDF30i,False,False,False
MLR_allsub_TOP10_Q2LOO,MLR,VS,"2,2′,3,5′-tetrachlorobiphenyl",5.14,5.149958175662754,-0.009958175662754698,-0.02688933608888893,0.0563076104769837,0.6,descriptor space,4,4,CrippenLogP; SHBa; ALogP; RDF30i,False,False,False
MLR_allsub_TOP10_Q2LOO,MLR,VS,"2,3′,4,4'-tetrachlorobiphenyl",5.26,5.232427253975574,0.0275727460244255,0.07445267686102042,0.0785105573601178,0.6,descriptor space,4,4,CrippenLogP; SHBa; ALogP; RDF30i,False,False,False
MLR_allsub_TOP10_Q2LOO,MLR,TS,"2,2′,3,5′,6-pentachlorobiphenyl",5.26,5.4919391825976405,-0.23193918259764068,-0.6262884733371838,0.07238775123972754,0.6,descriptor space,4,4,CrippenLogP; SHBa; ALogP; RDF30i,False,False,False
MLR_allsub_TOP10_Q2LOO,MLR,TS,"2,2′,3,3′,4,4′-hexachlorobiphenyl",5.45,5.812128734095182,-0.3621287340951822,-0.9778298323204735,0.12921205228083102,0.6,descriptor space,4,4,CrippenLogP; SHBa; ALogP; RDF30i,False,False,False
MLR_allsub_TOP10_Q2LOO,MLR,TS,"2,2′,3,4′,5-pentachlorobiphenyl",5.51,5.542596493017081,-0.03259649301708123,-0.08801793478434738,0.07975179339431733,0.6,descriptor space,4,4,CrippenLogP; SHBa; ALogP; RDF30i,False,False,False
MLR_allsub_TOP10_Q2LOO,MLR,VS,"2,2′,4,5,5′-pentachlorobiphenyl",5.51,5.504157158199104,0.005842841800896004,0.015776999946498317,0.07358991256480446,0.6,descriptor space,4,4,CrippenLogP; SHBa; ALogP; RDF30i,False,False,False
MLR_allsub_TOP10_Q2LOO,MLR,TS,Chrysene,5.51,5.57674169248318,-0.06674169248318051,-0.1802177287385858,0.09514086956410728,0.6,descriptor space,4,4,CrippenLogP; SHBa; ALogP; RDF30i,False,False,False
MLR_allsub_TOP10_Q2LOO,MLR,TS,"3,3′,4,4′-tetrachlorobiphenyl",5.63,5.637295385311693,-0.007295385311692826,-0.01969919734171337,0.05881178526839764,0.6,descriptor space,4,4,CrippenLogP; SHBa; ALogP; RDF30i,False,False,False
MLR_allsub_TOP10_Q2LOO,MLR,TS,"2,3,3′,4′,6-pentachlorobiphenyl",5.63,5.522126977415977,0.1078730225840232,0.29128166216579,0.0766567406980569,0.6,descriptor space,4,4,CrippenLogP; SHBa; ALogP; RDF30i,False,False,False
MLR_allsub_TOP10_Q2LOO,MLR,VS,"2,3′,4,4′,5-pentachlorobiphenyl",5.71,5.5335578873576265,0.17644211264237342,0.4764337794139641,0.07924456087588615,0.6,descriptor space,4,4,CrippenLogP; SHBa; ALogP; RDF30i,False,False,False
MLR_allsub_TOP10_Q2LOO,MLR,TS,"2,2′,3,4′,5,5′,6-heptachlorobiphenyl",5.73,6.1834415141012675,-0.4534415141012671,-1.2243950781995747,0.22130535672511326,0.6,descriptor space,4,4,CrippenLogP; SHBa; ALogP; RDF30i,False,False,False
MLR_allsub_TOP10_Q2LOO,MLR,VS,"2,3,3′,4,4′-pentachlorobiphenyl",5.77,5.546848801174586,0.22315119882541357,0.6025589211382876,0.08370541058183793,0.6,descriptor space,4,4,CrippenLogP; SHBa; ALogP; RDF30i,False,False,False
MLR_allsub_TOP10_Q2LOO,MLR,TS,"2,2′,3,4,4′,5-hexachlorobiphenyl",5.77,5.855087249095066,-0.08508724909506604,-0.22975489841513158,0.1303805817248324,0.6,descriptor space,4,4,CrippenLogP; SHBa; ALogP; RDF30i,False,False,False
MLR_allsub_TOP10_Q2LOO,MLR,VS,"2,3,3′,4,5,6-hexachlorobiphenyl",6.06,5.820305187455334,0.2396948125446654,0.6472304357296118,0.12843697049011868,0.6,descriptor space,4,4,CrippenLogP; SHBa; ALogP; RDF30i,False,False,False
MLR_allsub_TOP10_Q2LOO,MLR,TS,Benzo[a]pyrene,6.1,6.048877862997885,0.051122137002114876,0.13804138127162033,0.13137839401143503,0.6,descriptor space,4,4,CrippenLogP; SHBa; ALogP; RDF30i,False,False,False
MLR_allsub_TOP10_Q2LOO,MLR,VS,"2,2′,3,3′,4,6′-hexachlorobiphenyl",6.19,5.794509574338799,0.3954904256612011,1.067913976986423,0.12973345030534306,0.6,descriptor space,4,4,CrippenLogP; SHBa; ALogP; RDF30i,False,False,False
MLR_allsub_TOP10_Q2LOO,MLR,TS,"2,2′,4,4′,5,5′-hexachlorobiphenyl",6.19,5.887112271276752,0.3028877287232481,0.8178656624125731,0.13229452581256107,0.6,descriptor space,4,4,CrippenLogP; SHBa; ALogP; RDF30i,False,False,False
MLR_allsub_TOP10_Q2LOO,MLR,TS,"Benzo[g,h,i]perylene",6.69,6.368478207552261,0.32152179244773915,0.8681818668217458,0.2647622275350424,0.6,descriptor space,4,4,CrippenLogP; SHBa; ALogP; RDF30i,False,False,False
MLR_allsub_TOP10_Q2LOO,MLR,TS,"Dibenz[a,h]anthracene",7.0,6.414501003372463,0.5854989966275372,1.580980275223421,0.13876437716343698,0.6,descriptor space,4,4,CrippenLogP; SHBa; ALogP; RDF30i,False,False,False
kNN_allsub_TOP10_k2,kNN,TS,Trimethoprim,0.594,0.7235,-0.12950000000000006,-0.4225061019881575,0.20392402112729743,0.36,descriptor space,2,2,CrippenLogP; AATS3i,False,False,False
kNN_allsub_TOP10_k2,kNN,TS,Sulfadiazine,0.853,0.7235,0.12949999999999995,0.42250610198815713,0.3305911523526422,0.36,descriptor space,2,2,CrippenLogP; AATS3i,False,False,False
kNN_allsub_TOP10_k2,kNN,VS,β-Hexachlorocyclohexane,2.18,1.587,0.5930000000000002,1.9347190616137249,0.41250602113251744,0.36,descriptor space,2,2,CrippenLogP; AATS3i,True,False,True
kNN_allsub_TOP10_k2,kNN,VS,δ-Hexachlorocyclohexane,2.23,1.587,0.643,2.097848830721121,0.41250602113251744,0.36,descriptor space,2,2,CrippenLogP; AATS3i,True,False,True
kNN_allsub_TOP10_k2,kNN,TS,γ-Hexachlorocyclohexane,2.58,1.587,0.9930000000000001,3.2397572144728977,0.41250602113251744,0.36,descriptor space,2,2,CrippenLogP; AATS3i,True,True,True
kNN_allsub_TOP10_k2,kNN,VS,α-Hexachlorocyclohexane,2.69,1.587,1.103,3.59864270650917,0.41250602113251744,0.36,descriptor space,2,2,CrippenLogP; AATS3i,True,True,True
kNN_allsub_TOP10_k2,kNN,TS,Phenanthrene,4.0,4.145,-0.14499999999999957,-0.47307633041144886,0.12791179941120812,0.36,descriptor space,2,2,CrippenLogP; AATS3i,False,False,False
kNN_allsub_TOP10_k2,kNN,TS,Anthracene,4.29,4.145,0.14500000000000046,0.4730763304114518,0.13083310623420122,0.36,descriptor space,2,2,CrippenLogP; AATS3i,False,False,False
kNN_allsub_TOP10_k2,kNN,TS,Pentachlorobenzene,4.5,4.755,-0.2549999999999999,-0.8319618224477225,0.06461477723610819,0.36,descriptor space,2,2,CrippenLogP; AATS3i,False,False,False
kNN_allsub_TOP10_k2,kNN,TS,Fluoranthene,4.79,4.795,-0.004999999999999893,-0.016312976910739317,0.13472240799441537,0.36,descriptor space,2,2,CrippenLogP; AATS3i,False,False,False
kNN_allsub_TOP10_k2,kNN,TS,Pyrene,4.8,4.795,0.004999999999999893,0.016312976910739317,0.15881659386534486,0.36,descriptor space,2,2,CrippenLogP; AATS3i,False,False,False
kNN_allsub_TOP10_k2,kNN,TS,"2,3-dichlorobiphenyl",4.98,4.98,0.0,0.0,0.06869804544965512,0.36,descriptor space,2,2,CrippenLogP; AATS3i,False,False,False
kNN_allsub_TOP10_k2,kNN,TS,"2,4′-dichlorobiphenyl",4.98,4.98,0.0,0.0,0.06876670501079445,0.36,descriptor space,2,2,CrippenLogP; AATS3i,False,False,False
kNN_allsub_TOP10_k2,kNN,TS,Hexachlorobenzene,5.01,5.05,-0.040000000000000036,-0.13050381528591742,0.045785874132990866,0.36,descriptor space,2,2,CrippenLogP; AATS3i,False,False,False
kNN_allsub_TOP10_k2,kNN,TS,"2,4,4′-trichlorobiohenyl",5.09,5.05,0.040000000000000036,0.13050381528591742,0.043780369295549494,0.36,descriptor space,2,2,CrippenLogP; AATS3i,False,False,False
kNN_allsub_TOP10_k2,kNN,TS,"2,2′,5,5′-tetrachlorobiphenyl",5.09,5.359999999999999,-0.2699999999999996,-0.8809007531799405,0.04245927570265906,0.36,descriptor space,2,2,CrippenLogP; AATS3i,False,False,False
kNN_allsub_TOP10_k2,kNN,VS,"2,2′,3,5′-tetrachlorobiphenyl",5.14,5.359999999999999,-0.21999999999999975,-0.7177709840725445,0.04249133478719354,0.36,descriptor space,2,2,CrippenLogP; AATS3i,False,False,False
kNN_allsub_TOP10_k2,kNN,VS,"2,3′,4,4'-tetrachlorobiphenyl",5.26,5.359999999999999,-0.09999999999999964,-0.32625953821479214,0.04237522101291345,0.36,descriptor space,2,2,CrippenLogP; AATS3i,False,False,False
kNN_allsub_TOP10_k2,kNN,TS,"2,2′,3,5′,6-pentachlorobiphenyl",5.26,5.445,-0.1850000000000005,-0.6035801456973692,0.06514605739281763,0.36,descriptor space,2,2,CrippenLogP; AATS3i,False,False,False
kNN_allsub_TOP10_k2,kNN,TS,"2,2′,3,3′,4,4′-hexachlorobiphenyl",5.45,5.609999999999999,-0.15999999999999925,-0.5220152611436668,0.11113449374463015,0.36,descriptor space,2,2,CrippenLogP; AATS3i,False,False,False
kNN_allsub_TOP10_k2,kNN,TS,"2,2′,3,4′,5-pentachlorobiphenyl",5.51,5.57,-0.0600000000000005,-0.1957557229288776,0.0648395659297224,0.36,descriptor space,2,2,CrippenLogP; AATS3i,False,False,False
kNN_allsub_TOP10_k2,kNN,VS,"2,2′,4,5,5′-pentachlorobiphenyl",5.51,5.57,-0.0600000000000005,-0.1957557229288776,0.0648395659297224,0.36,descriptor space,2,2,CrippenLogP; AATS3i,False,False,False
kNN_allsub_TOP10_k2,kNN,TS,Chrysene,5.51,5.15,0.35999999999999943,1.174534337573254,0.0748010727873274,0.36,descriptor space,2,2,CrippenLogP; AATS3i,False,False,False
kNN_allsub_TOP10_k2,kNN,TS,"3,3′,4,4′-tetrachlorobiphenyl",5.63,5.445,0.1849999999999996,0.6035801456973663,0.06898933833876893,0.36,descriptor space,2,2,CrippenLogP; AATS3i,False,False,False
kNN_allsub_TOP10_k2,kNN,TS,"2,3,3′,4′,6-pentachlorobiphenyl",5.63,5.57,0.05999999999999961,0.1957557229288747,0.06492152248820315,0.36,descriptor space,2,2,CrippenLogP; AATS3i,False,False,False
kNN_allsub_TOP10_k2,kNN,VS,"2,3′,4,4′,5-pentachlorobiphenyl",5.71,5.57,0.13999999999999968,0.45676335350070957,0.0646204609886475,0.36,descriptor space,2,2,CrippenLogP; AATS3i,False,False,False
kNN_allsub_TOP10_k2,kNN,TS,"2,2′,3,4′,5,5′,6-heptachlorobiphenyl",5.73,5.960000000000001,-0.23000000000000043,-0.750396937894026,0.181227698072599,0.36,descriptor space,2,2,CrippenLogP; AATS3i,False,False,False
kNN_allsub_TOP10_k2,kNN,VS,"2,3,3′,4,4′-pentachlorobiphenyl",5.77,5.57,0.1999999999999993,0.6525190764295843,0.06470095258472447,0.36,descriptor space,2,2,CrippenLogP; AATS3i,False,False,False
kNN_allsub_TOP10_k2,kNN,TS,"2,2′,3,4,4′,5-hexachlorobiphenyl",5.77,5.98,-0.21000000000000085,-0.6851450302510687,0.11100209844757954,0.36,descriptor space,2,2,CrippenLogP; AATS3i,False,False,False
kNN_allsub_TOP10_k2,kNN,VS,"2,3,3′,4,5,6-hexachlorobiphenyl",6.06,5.98,0.07999999999999918,0.26100763057183196,0.11100209844757954,0.36,descriptor space,2,2,CrippenLogP; AATS3i,False,False,False
kNN_allsub_TOP10_k2,kNN,TS,Benzo[a]pyrene,6.1,6.55,-0.4500000000000002,-1.4681679219665704,0.1016057152296884,0.36,descriptor space,2,2,CrippenLogP; AATS3i,False,False,False
kNN_allsub_TOP10_k2,kNN,VS,"2,2′,3,3′,4,6′-hexachlorobiphenyl",6.19,5.609999999999999,0.580000000000001,1.8923053216458043,0.11149554386297798,0.36,descriptor space,2,2,CrippenLogP; AATS3i,False,False,False
kNN_allsub_TOP10_k2,kNN,TS,"2,2′,4,4′,5,5′-hexachlorobiphenyl",6.19,5.98,0.20999999999999996,0.6851450302510658,0.11087024441515252,0.36,descriptor space,2,2,CrippenLogP; AATS3i,False,False,False
kNN_allsub_TOP10_k2,kNN,TS,"Benzo[g,h,i]perylene",6.69,6.395,0.2950000000000008,0.9624656377336429,0.13300610009090955,0.36,descriptor space,2,2,CrippenLogP; AATS3i,False,False,False
kNN_allsub_TOP10_k2,kNN,TS,"Dibenz[a,h]anthracene",7.0,6.55,0.4500000000000002,1.4681679219665704,0.07904594411721796,0.36,descriptor space,2,2,CrippenLogP; AATS3i,False,False,False
PLS_TOP15_LV2,PLS,TS,Trimethoprim,0.594,0.6740504758742683,-0.08005047587426828,-0.20640680899611868,0.5245556203435212,0.36,PLS latent-score space,2,15,Mi; CrippenLogP; AATS3i; XLogP; SHBa; ALogP; GATS3c; RDF30i; AATSC3s; FPSA-2; LipoaffinityIndex; εα; ATSC4s; AATS5i; RDF20i,True,False,True
PLS_TOP15_LV2,PLS,TS,Sulfadiazine,0.853,0.7670755770564472,0.08592442294355274,0.22155253620812687,0.38326475430036294,0.36,PLS latent-score space,2,15,Mi; CrippenLogP; AATS3i; XLogP; SHBa; ALogP; GATS3c; RDF30i; AATSC3s; FPSA-2; LipoaffinityIndex; εα; ATSC4s; AATS5i; RDF20i,True,False,True
PLS_TOP15_LV2,PLS,VS,β-Hexachlorocyclohexane,2.18,2.6882505219008235,-0.5082505219008233,-1.3105027453045082,0.30459601944741566,0.36,PLS latent-score space,2,15,Mi; CrippenLogP; AATS3i; XLogP; SHBa; ALogP; GATS3c; RDF30i; AATSC3s; FPSA-2; LipoaffinityIndex; εα; ATSC4s; AATS5i; RDF20i,False,False,False
PLS_TOP15_LV2,PLS,VS,δ-Hexachlorocyclohexane,2.23,2.686052637512018,-0.45605263751201797,-1.175912680281486,0.2746124994656287,0.36,PLS latent-score space,2,15,Mi; CrippenLogP; AATS3i; XLogP; SHBa; ALogP; GATS3c; RDF30i; AATSC3s; FPSA-2; LipoaffinityIndex; εα; ATSC4s; AATS5i; RDF20i,False,False,False
PLS_TOP15_LV2,PLS,TS,γ-Hexachlorocyclohexane,2.58,2.681970852218522,-0.10197085221852209,-0.26292758396712435,0.22656101588860939,0.36,PLS latent-score space,2,15,Mi; CrippenLogP; AATS3i; XLogP; SHBa; ALogP; GATS3c; RDF30i; AATSC3s; FPSA-2; LipoaffinityIndex; εα; ATSC4s; AATS5i; RDF20i,False,False,False
PLS_TOP15_LV2,PLS,VS,α-Hexachlorocyclohexane,2.69,2.6829128026708675,0.007087197329132433,0.01827404233960667,0.2367691817460958,0.36,PLS latent-score space,2,15,Mi; CrippenLogP; AATS3i; XLogP; SHBa; ALogP; GATS3c; RDF30i; AATSC3s; FPSA-2; LipoaffinityIndex; εα; ATSC4s; AATS5i; RDF20i,False,False,False
PLS_TOP15_LV2,PLS,TS,Phenanthrene,4.0,4.764860305454663,-0.764860305454663,-1.9721603557317604,0.08888725108079576,0.36,PLS latent-score space,2,15,Mi; CrippenLogP; AATS3i; XLogP; SHBa; ALogP; GATS3c; RDF30i; AATSC3s; FPSA-2; LipoaffinityIndex; εα; ATSC4s; AATS5i; RDF20i,False,False,False
PLS_TOP15_LV2,PLS,TS,Anthracene,4.29,4.760478803292858,-0.47047880329285796,-1.2131099462858639,0.15242461070909188,0.36,PLS latent-score space,2,15,Mi; CrippenLogP; AATS3i; XLogP; SHBa; ALogP; GATS3c; RDF30i; AATSC3s; FPSA-2; LipoaffinityIndex; εα; ATSC4s; AATS5i; RDF20i,False,False,False
PLS_TOP15_LV2,PLS,TS,Pentachlorobenzene,4.5,4.248846300655227,0.2511536993447727,0.6475893251496424,0.0851503038119599,0.36,PLS latent-score space,2,15,Mi; CrippenLogP; AATS3i; XLogP; SHBa; ALogP; GATS3c; RDF30i; AATSC3s; FPSA-2; LipoaffinityIndex; εα; ATSC4s; AATS5i; RDF20i,False,False,False
PLS_TOP15_LV2,PLS,TS,Fluoranthene,4.79,5.1430704142084,-0.3530704142083998,-0.9103773182080391,0.10084762231088022,0.36,PLS latent-score space,2,15,Mi; CrippenLogP; AATS3i; XLogP; SHBa; ALogP; GATS3c; RDF30i; AATSC3s; FPSA-2; LipoaffinityIndex; εα; ATSC4s; AATS5i; RDF20i,False,False,False
PLS_TOP15_LV2,PLS,TS,Pyrene,4.8,5.232766193983749,-0.43276619398374905,-1.1158695581258147,0.07859259559268497,0.36,PLS latent-score space,2,15,Mi; CrippenLogP; AATS3i; XLogP; SHBa; ALogP; GATS3c; RDF30i; AATSC3s; FPSA-2; LipoaffinityIndex; εα; ATSC4s; AATS5i; RDF20i,False,False,False
PLS_TOP15_LV2,PLS,TS,"2,3-dichlorobiphenyl",4.98,4.60038540244268,0.3796145975573202,0.978820386442437,0.055393032503562076,0.36,PLS latent-score space,2,15,Mi; CrippenLogP; AATS3i; XLogP; SHBa; ALogP; GATS3c; RDF30i; AATSC3s; FPSA-2; LipoaffinityIndex; εα; ATSC4s; AATS5i; RDF20i,False,False,False
PLS_TOP15_LV2,PLS,TS,"2,4′-dichlorobiphenyl",4.98,4.527643269622282,0.4523567303777183,1.166382938083139,0.059234726694255044,0.36,PLS latent-score space,2,15,Mi; CrippenLogP; AATS3i; XLogP; SHBa; ALogP; GATS3c; RDF30i; AATSC3s; FPSA-2; LipoaffinityIndex; εα; ATSC4s; AATS5i; RDF20i,False,False,False
PLS_TOP15_LV2,PLS,TS,Hexachlorobenzene,5.01,4.505769188810814,0.5042308111891858,1.3001380891045902,0.07909608564732501,0.36,PLS latent-score space,2,15,Mi; CrippenLogP; AATS3i; XLogP; SHBa; ALogP; GATS3c; RDF30i; AATSC3s; FPSA-2; LipoaffinityIndex; εα; ATSC4s; AATS5i; RDF20i,False,False,False
PLS_TOP15_LV2,PLS,TS,"2,4,4′-trichlorobiohenyl",5.09,4.808314152158553,0.28168584784144723,0.7263151949732343,0.040403820524038334,0.36,PLS latent-score space,2,15,Mi; CrippenLogP; AATS3i; XLogP; SHBa; ALogP; GATS3c; RDF30i; AATSC3s; FPSA-2; LipoaffinityIndex; εα; ATSC4s; AATS5i; RDF20i,False,False,False
PLS_TOP15_LV2,PLS,TS,"2,2′,5,5′-tetrachlorobiphenyl",5.09,5.233521625473378,-0.14352162547337777,-0.37006451757294756,0.04754364493253267,0.36,PLS latent-score space,2,15,Mi; CrippenLogP; AATS3i; XLogP; SHBa; ALogP; GATS3c; RDF30i; AATSC3s; FPSA-2; LipoaffinityIndex; εα; ATSC4s; AATS5i; RDF20i,False,False,False
PLS_TOP15_LV2,PLS,VS,"2,2′,3,5′-tetrachlorobiphenyl",5.14,5.199587943486952,-0.05958794348695218,-0.15364502378600356,0.04611278284889428,0.36,PLS latent-score space,2,15,Mi; CrippenLogP; AATS3i; XLogP; SHBa; ALogP; GATS3c; RDF30i; AATSC3s; FPSA-2; LipoaffinityIndex; εα; ATSC4s; AATS5i; RDF20i,False,False,False
PLS_TOP15_LV2,PLS,VS,"2,3′,4,4'-tetrachlorobiphenyl",5.26,5.19172566259781,0.06827433740218947,0.1760425277376791,0.04196374223808062,0.36,PLS latent-score space,2,15,Mi; CrippenLogP; AATS3i; XLogP; SHBa; ALogP; GATS3c; RDF30i; AATSC3s; FPSA-2; LipoaffinityIndex; εα; ATSC4s; AATS5i; RDF20i,False,False,False
PLS_TOP15_LV2,PLS,TS,"2,2′,3,5′,6-pentachlorobiphenyl",5.26,5.528741427652508,-0.2687414276525084,-0.6929385480973269,0.08059979490094772,0.36,PLS latent-score space,2,15,Mi; CrippenLogP; AATS3i; XLogP; SHBa; ALogP; GATS3c; RDF30i; AATSC3s; FPSA-2; LipoaffinityIndex; εα; ATSC4s; AATS5i; RDF20i,False,False,False
PLS_TOP15_LV2,PLS,TS,"2,2′,3,3′,4,4′-hexachlorobiphenyl",5.45,5.884701277691024,-0.4347012776910235,-1.120859090652595,0.0970913812541693,0.36,PLS latent-score space,2,15,Mi; CrippenLogP; AATS3i; XLogP; SHBa; ALogP; GATS3c; RDF30i; AATSC3s; FPSA-2; LipoaffinityIndex; εα; ATSC4s; AATS5i; RDF20i,False,False,False
PLS_TOP15_LV2,PLS,TS,"2,2′,3,4′,5-pentachlorobiphenyl",5.51,5.498100352161732,0.011899647838268024,0.030682745001194733,0.09183222640435211,0.36,PLS latent-score space,2,15,Mi; CrippenLogP; AATS3i; XLogP; SHBa; ALogP; GATS3c; RDF30i; AATSC3s; FPSA-2; LipoaffinityIndex; εα; ATSC4s; AATS5i; RDF20i,False,False,False
PLS_TOP15_LV2,PLS,VS,"2,2′,4,5,5′-pentachlorobiphenyl",5.51,5.536818253467181,-0.02681825346718103,-0.06914974658869298,0.06666926227667239,0.36,PLS latent-score space,2,15,Mi; CrippenLogP; AATS3i; XLogP; SHBa; ALogP; GATS3c; RDF30i; AATSC3s; FPSA-2; LipoaffinityIndex; εα; ATSC4s; AATS5i; RDF20i,False,False,False
PLS_TOP15_LV2,PLS,TS,Chrysene,5.51,5.549164465155323,-0.03916446515532357,-0.10098393782751401,0.06198063548831379,0.36,PLS latent-score space,2,15,Mi; CrippenLogP; AATS3i; XLogP; SHBa; ALogP; GATS3c; RDF30i; AATSC3s; FPSA-2; LipoaffinityIndex; εα; ATSC4s; AATS5i; RDF20i,False,False,False
PLS_TOP15_LV2,PLS,TS,"3,3′,4,4′-tetrachlorobiphenyl",5.63,5.403690273745484,0.22630972625451573,0.5835301780635007,0.047762629899377115,0.36,PLS latent-score space,2,15,Mi; CrippenLogP; AATS3i; XLogP; SHBa; ALogP; GATS3c; RDF30i; AATSC3s; FPSA-2; LipoaffinityIndex; εα; ATSC4s; AATS5i; RDF20i,False,False,False
PLS_TOP15_LV2,PLS,TS,"2,3,3′,4′,6-pentachlorobiphenyl",5.63,5.560952811747832,0.06904718825216793,0.17803529137876659,0.0744484517485325,0.36,PLS latent-score space,2,15,Mi; CrippenLogP; AATS3i; XLogP; SHBa; ALogP; GATS3c; RDF30i; AATSC3s; FPSA-2; LipoaffinityIndex; εα; ATSC4s; AATS5i; RDF20i,False,False,False
PLS_TOP15_LV2,PLS,VS,"2,3′,4,4′,5-pentachlorobiphenyl",5.71,5.586404297975035,0.12359570202496517,0.318686356102082,0.05122956706114763,0.36,PLS latent-score space,2,15,Mi; CrippenLogP; AATS3i; XLogP; SHBa; ALogP; GATS3c; RDF30i; AATSC3s; FPSA-2; LipoaffinityIndex; εα; ATSC4s; AATS5i; RDF20i,False,False,False
PLS_TOP15_LV2,PLS,TS,"2,2′,3,4′,5,5′,6-heptachlorobiphenyl",5.73,6.237242704014194,-0.5072427040141934,-1.3079041289720428,0.18355084332757995,0.36,PLS latent-score space,2,15,Mi; CrippenLogP; AATS3i; XLogP; SHBa; ALogP; GATS3c; RDF30i; AATSC3s; FPSA-2; LipoaffinityIndex; εα; ATSC4s; AATS5i; RDF20i,False,False,False
PLS_TOP15_LV2,PLS,VS,"2,3,3′,4,4′-pentachlorobiphenyl",5.77,5.5917130342400565,0.17828696575994307,0.4597054956413961,0.05090740114040139,0.36,PLS latent-score space,2,15,Mi; CrippenLogP; AATS3i; XLogP; SHBa; ALogP; GATS3c; RDF30i; AATSC3s; FPSA-2; LipoaffinityIndex; εα; ATSC4s; AATS5i; RDF20i,False,False,False
PLS_TOP15_LV2,PLS,TS,"2,2′,3,4,4′,5-hexachlorobiphenyl",5.77,5.846192864877435,-0.07619286487743526,-0.196460120141261,0.11185139106473004,0.36,PLS latent-score space,2,15,Mi; CrippenLogP; AATS3i; XLogP; SHBa; ALogP; GATS3c; RDF30i; AATSC3s; FPSA-2; LipoaffinityIndex; εα; ATSC4s; AATS5i; RDF20i,False,False,False
PLS_TOP15_LV2,PLS,VS,"2,3,3′,4,5,6-hexachlorobiphenyl",6.06,5.8799700269184125,0.18002997308158708,0.4641997672292688,0.10307180261843434,0.36,PLS latent-score space,2,15,Mi; CrippenLogP; AATS3i; XLogP; SHBa; ALogP; GATS3c; RDF30i; AATSC3s; FPSA-2; LipoaffinityIndex; εα; ATSC4s; AATS5i; RDF20i,False,False,False
PLS_TOP15_LV2,PLS,TS,Benzo[a]pyrene,6.1,6.000549750279315,0.09945024972068506,0.25642831569115115,0.06644658832340086,0.36,PLS latent-score space,2,15,Mi; CrippenLogP; AATS3i; XLogP; SHBa; ALogP; GATS3c; RDF30i; AATSC3s; FPSA-2; LipoaffinityIndex; εα; ATSC4s; AATS5i; RDF20i,False,False,False
PLS_TOP15_LV2,PLS,VS,"2,2′,3,3′,4,6′-hexachlorobiphenyl",6.19,5.879345847334679,0.3106541526653217,0.8010087591953152,0.12014454568655189,0.36,PLS latent-score space,2,15,Mi; CrippenLogP; AATS3i; XLogP; SHBa; ALogP; GATS3c; RDF30i; AATSC3s; FPSA-2; LipoaffinityIndex; εα; ATSC4s; AATS5i; RDF20i,False,False,False
PLS_TOP15_LV2,PLS,TS,"2,2′,4,4′,5,5′-hexachlorobiphenyl",6.19,5.930073189578056,0.25992681042194477,0.6702104256819087,0.10231894703265498,0.36,PLS latent-score space,2,15,Mi; CrippenLogP; AATS3i; XLogP; SHBa; ALogP; GATS3c; RDF30i; AATSC3s; FPSA-2; LipoaffinityIndex; εα; ATSC4s; AATS5i; RDF20i,False,False,False
PLS_TOP15_LV2,PLS,TS,"Benzo[g,h,i]perylene",6.69,6.471560733868198,0.21843926613180198,0.5632365253210473,0.08859896319752958,0.36,PLS latent-score space,2,15,Mi; CrippenLogP; AATS3i; XLogP; SHBa; ALogP; GATS3c; RDF30i; AATSC3s; FPSA-2; LipoaffinityIndex; εα; ATSC4s; AATS5i; RDF20i,False,False,False
PLS_TOP15_LV2,PLS,TS,"Dibenz[a,h]anthracene",7.0,6.167277587977052,0.8327224120229477,2.1471399634796855,0.07156306301879313,0.36,PLS latent-score space,2,15,Mi; CrippenLogP; AATS3i; XLogP; SHBa; ALogP; GATS3c; RDF30i; AATSC3s; FPSA-2; LipoaffinityIndex; εα; ATSC4s; AATS5i; RDF20i,False,False,False
SVR_RFE_RBF_grid,SVR,TS,Trimethoprim,0.594,0.6942626608712339,-0.10026266087123392,-0.4596853922708488,0.8157117007924329,0.36,descriptor space,2,2,FPSA-2; AMR,True,False,True
SVR_RFE_RBF_grid,SVR,TS,Sulfadiazine,0.853,0.9529046642627446,-0.09990466426274458,-0.4580440453329653,0.16246826940169323,0.36,descriptor space,2,2,FPSA-2; AMR,False,False,False
SVR_RFE_RBF_grid,SVR,VS,β-Hexachlorocyclohexane,2.18,2.680028891234289,-0.500028891234289,-2.292538169408778,0.18158886080478043,0.36,descriptor space,2,2,FPSA-2; AMR,False,False,False
SVR_RFE_RBF_grid,SVR,VS,δ-Hexachlorocyclohexane,2.23,2.680028891234289,-0.45002889123428913,-2.063297598553983,0.18158886080478043,0.36,descriptor space,2,2,FPSA-2; AMR,False,False,False
SVR_RFE_RBF_grid,SVR,TS,γ-Hexachlorocyclohexane,2.58,2.680028891234289,-0.10002889123428904,-0.45861360257041356,0.18158886080478043,0.36,descriptor space,2,2,FPSA-2; AMR,False,False,False
SVR_RFE_RBF_grid,SVR,VS,α-Hexachlorocyclohexane,2.69,2.680028891234289,0.009971108765710834,0.04571565331013616,0.18158886080478043,0.36,descriptor space,2,2,FPSA-2; AMR,False,False,False
SVR_RFE_RBF_grid,SVR,TS,Phenanthrene,4.0,4.418090442197978,-0.4180904421979781,-1.9168658327679684,0.06863175309490385,0.36,descriptor space,2,2,FPSA-2; AMR,False,False,False
SVR_RFE_RBF_grid,SVR,TS,Anthracene,4.29,4.184193702969749,0.10580629703025135,0.4851019186249377,0.06799229686728966,0.36,descriptor space,2,2,FPSA-2; AMR,False,False,False
SVR_RFE_RBF_grid,SVR,TS,Pentachlorobenzene,4.5,4.400223593093924,0.09977640690607625,0.45745600953978577,0.20535768108434488,0.36,descriptor space,2,2,FPSA-2; AMR,False,False,False
SVR_RFE_RBF_grid,SVR,TS,Fluoranthene,4.79,4.862496738071542,-0.07249673807154178,-0.3323838724126166,0.04206054159992648,0.36,descriptor space,2,2,FPSA-2; AMR,False,False,False
SVR_RFE_RBF_grid,SVR,TS,Pyrene,4.8,4.997624777016975,-0.19762477701697545,-0.9060723339684628,0.04277999688983232,0.36,descriptor space,2,2,FPSA-2; AMR,False,False,False
SVR_RFE_RBF_grid,SVR,TS,"2,3-dichlorobiphenyl",4.98,4.6138742489223725,0.3661257510776279,1.6786175236335243,0.06144570761180975,0.36,descriptor space,2,2,FPSA-2; AMR,False,False,False
SVR_RFE_RBF_grid,SVR,TS,"2,4′-dichlorobiphenyl",4.98,4.722247549378853,0.2577524506211475,1.1817463783922872,0.06227979450528889,0.36,descriptor space,2,2,FPSA-2; AMR,False,False,False
SVR_RFE_RBF_grid,SVR,TS,Hexachlorobenzene,5.01,5.090352575999064,-0.08035257599906398,-0.3684014078335755,0.15672511168008582,0.36,descriptor space,2,2,FPSA-2; AMR,False,False,False
SVR_RFE_RBF_grid,SVR,TS,"2,4,4′-trichlorobiohenyl",5.09,5.190043134729985,-0.10004313472998483,-0.45867890631209896,0.04908334696501222,0.36,descriptor space,2,2,FPSA-2; AMR,False,False,False
SVR_RFE_RBF_grid,SVR,TS,"2,2′,5,5′-tetrachlorobiphenyl",5.09,5.461543554164609,-0.37154355416460927,-1.703457129082294,0.04760213874636306,0.36,descriptor space,2,2,FPSA-2; AMR,False,False,False
SVR_RFE_RBF_grid,SVR,VS,"2,2′,3,5′-tetrachlorobiphenyl",5.14,5.241529937679809,-0.10152993767980956,-0.46549561745142726,0.0420561634671954,0.36,descriptor space,2,2,FPSA-2; AMR,False,False,False
SVR_RFE_RBF_grid,SVR,VS,"2,3′,4,4'-tetrachlorobiphenyl",5.26,5.443428770855249,-0.1834287708552491,-0.8409863228410159,0.04697767412283294,0.36,descriptor space,2,2,FPSA-2; AMR,False,False,False
SVR_RFE_RBF_grid,SVR,TS,"2,2′,3,5′,6-pentachlorobiphenyl",5.26,5.455348547775241,-0.19534854777524124,-0.8956362521530322,0.049297343610409425,0.36,descriptor space,2,2,FPSA-2; AMR,False,False,False
SVR_RFE_RBF_grid,SVR,TS,"2,2′,3,3′,4,4′-hexachlorobiphenyl",5.45,5.610669560166071,-0.16066956016607126,-0.7366396338291821,0.06443261115423154,0.36,descriptor space,2,2,FPSA-2; AMR,False,False,False
SVR_RFE_RBF_grid,SVR,TS,"2,2′,3,4′,5-pentachlorobiphenyl",5.51,5.528118933776524,-0.01811893377652396,-0.0830718944442118,0.05264127798039961,0.36,descriptor space,2,2,FPSA-2; AMR,False,False,False
SVR_RFE_RBF_grid,SVR,VS,"2,2′,4,5,5′-pentachlorobiphenyl",5.51,5.486286770918653,0.023713229081346654,0.10872068342836894,0.05053074307805906,0.36,descriptor space,2,2,FPSA-2; AMR,False,False,False
SVR_RFE_RBF_grid,SVR,TS,Chrysene,5.51,5.409371025782537,0.10062897421746264,0.46136486988287284,0.0536997647862899,0.36,descriptor space,2,2,FPSA-2; AMR,False,False,False
SVR_RFE_RBF_grid,SVR,TS,"3,3′,4,4′-tetrachlorobiphenyl",5.63,5.469799903985647,0.1602000960143526,0.734487229226465,0.04789824175707803,0.36,descriptor space,2,2,FPSA-2; AMR,False,False,False
SVR_RFE_RBF_grid,SVR,TS,"2,3,3′,4′,6-pentachlorobiphenyl",5.63,5.559098362469179,0.07090163753082113,0.32507063724210467,0.0545916803986023,0.36,descriptor space,2,2,FPSA-2; AMR,False,False,False
SVR_RFE_RBF_grid,SVR,VS,"2,3′,4,4′,5-pentachlorobiphenyl",5.71,5.5817248127732775,0.1282751872267225,0.5881175429271929,0.05626254207865723,0.36,descriptor space,2,2,FPSA-2; AMR,False,False,False
SVR_RFE_RBF_grid,SVR,TS,"2,2′,3,4′,5,5′,6-heptachlorobiphenyl",5.73,5.830101484045494,-0.1001014840454939,-0.4589464269200247,0.0973150084624409,0.36,descriptor space,2,2,FPSA-2; AMR,False,False,False
SVR_RFE_RBF_grid,SVR,VS,"2,3,3′,4,4′-pentachlorobiphenyl",5.77,5.485256400248673,0.28474359975132657,1.3054957070848707,0.05048547120311244,0.36,descriptor space,2,2,FPSA-2; AMR,False,False,False
SVR_RFE_RBF_grid,SVR,TS,"2,2′,3,4,4′,5-hexachlorobiphenyl",5.77,5.637745924022472,0.13225407597752792,0.6063599974992402,0.06718029230325757,0.36,descriptor space,2,2,FPSA-2; AMR,False,False,False
SVR_RFE_RBF_grid,SVR,VS,"2,3,3′,4,5,6-hexachlorobiphenyl",6.06,5.6636852683876455,0.3963147316123541,1.817028306259623,0.07496955534798347,0.36,descriptor space,2,2,FPSA-2; AMR,False,False,False
SVR_RFE_RBF_grid,SVR,TS,Benzo[a]pyrene,6.1,6.000056841486508,0.09994315851349178,0.45822053421328357,0.09867265725639124,0.36,descriptor space,2,2,FPSA-2; AMR,False,False,False
SVR_RFE_RBF_grid,SVR,VS,"2,2′,3,3′,4,6′-hexachlorobiphenyl",6.19,5.629295780221998,0.5607042197780023,2.5707231084520403,0.06605330784826587,0.36,descriptor space,2,2,FPSA-2; AMR,False,False,False
SVR_RFE_RBF_grid,SVR,TS,"2,2′,4,4′,5,5′-hexachlorobiphenyl",6.19,5.6630810938636476,0.5269189061363528,2.41582381673764,0.07458265425300097,0.36,descriptor space,2,2,FPSA-2; AMR,False,False,False
SVR_RFE_RBF_grid,SVR,TS,"Benzo[g,h,i]perylene",6.69,6.682719183155575,0.007280816844425608,0.03338117219410676,0.17209000296837798,0.36,descriptor space,2,2,FPSA-2; AMR,False,False,False
SVR_RFE_RBF_grid,SVR,TS,"Dibenz[a,h]anthracene",7.0,7.03138232957118,-0.03138232957117992,-0.14388206291301237,0.20387126502575786,0.36,descriptor space,2,2,FPSA-2; AMR,False,False,False
