descriptor,abs_r_y_TS
Mi,0.9232575292354855
CrippenLogP,0.8692175257708683
AATS3i,0.8343803697603918
XLogP,0.8114532808450633
SHBa,0.8064571505204495
ALogP,0.7981236581868941
GATS3c,0.750161012917537
RDF30i,0.7304023533160237
AATSC3s,0.7149895712596142
FPSA-2,0.7092033412071638
LipoaffinityIndex,0.6939449321760538
εα,0.6747928293703549
ATSC4s,0.6710769360944875
AATS5i,0.66668671873875
RDF20i,0.65901957091
ATSC2c,0.6564897297361425
TDB2i,0.6507136386069349
RDF20m,0.6483510930832538
THSA,0.6474335657050156
AMR,0.6342877429338424
D,0.6336307536494836
MATS3i,0.6333102719913155
LUMO,0.6307525674277707
VE1_Dzp,0.6297660427308224
AATSC4c,0.6259480215105987
E2i,0.6161047785064215
MATS1e,0.6026139342904516
GATS3p,0.580294557925726
GATS1v,0.5789105287540431
MATS3s,0.5644399265163839
Ku,0.5626405710549641
VE1_Dzs,0.5567790525732583
ETA_dBeta,0.5526752919259033
IC0,0.5396651436663661
SpMax4_Bhm,0.5375730740344826
MDEC-33,0.5356863456900972
IC1,0.5332148233893363
ZMIC2,0.5223148777044305
AATS2v,0.5186750995429896
AATSC8s,0.5185714862452353
MATS4s,0.5158323336188075
ATSC8i,0.5146999320830669
RDF55p,0.49261780449281106
TDB7p,0.4911309913137571
RDF65m,0.4839681344560707
ATSC6e,0.4818461600740694
GATS7p,0.481345465149589
E2e,0.47720080408435045
MLFER_E,0.47092970910938897
BCUTc-1h,0.46523057363602055
RDF85m,0.4640942441950647
DPSA-3,0.45286025344273817
maxaaCH,0.44517009989546147
SpMax1_Bhs,0.4440496890137232
LipinskiFailures,0.441990998345481
MATS4e,0.4393450479206083
ATSC7p,0.43665188719583736
VE1_Dt,0.4347623785275935
RDF85p,0.4341246635391402
π,0.431315821063563
MATS6m,0.4283415859281171
RDF30v,0.4218661034783832
E3s,0.41545387087260255
GATS5e,0.4153370889128026
GATS1e,0.4048641618955055
RDF45v,0.39530069061127027
SpMax8_Bhm,0.3841729068491735
MATS4c,0.38303906712212904
MOMI-X,0.3817759949942203
SpMin5_Bhi,0.3776225055159058
SpMax3_Bhs,0.37639256290830786
geomShape,0.3751443133552923
RDF80v,0.372458742783262
TDB9u,0.36583061309608467
GATS7c,0.36080365548855575
nTRing,0.36067727426762247
GATS2p,0.3603817569205672
RNCG,0.36015852515766994
ATSC4e,0.3599841565561772
BCUTp-1h,0.35890661802739793
GGI4,0.35604935404945864
TDB10s,0.3539713151785089
SpMax4_Bhp,0.3539657174635632
nHaaCH,0.3528706003102377
BCUTw-1l,0.3423693096510697
TDB4u,0.34227246719675664
P1m,0.34027299364821595
RDF40p,0.3401691263255008
TDB8m,0.3385862717719582
GGI8,0.3359382857284552
ATSC7i,0.3327525602793348
GATS2m,0.33273843425106453
EE_Dzs,0.3310974421457216
ATSC6p,0.3272472594482213
VE3_Dzp,0.3208013647105421
AATSC7s,0.32049331810871323
minsssCH,0.3133861948098284
ATSC8p,0.31307703699187406
ATSC8e,0.31185326195241964
GATS8c,0.31127408832953934
ATS5m,0.31069761645754684
ATSC7e,0.3061105977963266
GATS8p,0.304042484660129
AATSC4p,0.30312298126386256
RDF65i,0.3018692355492439
RDF115i,0.30157405748448834
