n_desc,descriptors,Q2_LOO,RMSECV,family,k,n_components,param_C,param_epsilon,param_gamma
2,Mi; CrippenLogP,0.882877205559049,0.5129404501315564,MLR,,,,,
2,Mi; AATS3i,0.8165337786676079,0.6419841323011837,MLR,,,,,
2,Mi; XLogP,0.8484449663046189,0.5834873143569533,MLR,,,,,
2,Mi; SHBa,0.8240977659726392,0.6286109086799914,MLR,,,,,
2,Mi; ALogP,0.8385704115643778,0.6021959154862928,MLR,,,,,
2,Mi; GATS3c,0.8468298404449629,0.5865881943078878,MLR,,,,,
2,Mi; RDF30i,0.8129162405103624,0.6482824727941132,MLR,,,,,
2,Mi; AATSC3s,0.7863364276375133,0.6928057418797118,MLR,,,,,
2,Mi; FPSA-2,0.7999147912625053,0.6704304453107527,MLR,,,,,
2,CrippenLogP; AATS3i,0.8146461089002942,0.6452783430678908,MLR,,,,,
2,CrippenLogP; XLogP,0.7506835828077016,0.7483791411805975,MLR,,,,,
2,CrippenLogP; SHBa,0.8794461673315533,0.5203993516075472,MLR,,,,,
2,CrippenLogP; ALogP,0.6144432984218713,0.9306585334353935,MLR,,,,,
2,CrippenLogP; GATS3c,0.7902627313899948,0.6864106918957159,MLR,,,,,
2,CrippenLogP; RDF30i,0.8607699958038999,0.5592585776707981,MLR,,,,,
2,CrippenLogP; AATSC3s,-0.25054957480152895,1.6760875192336466,MLR,,,,,
2,CrippenLogP; FPSA-2,0.7351504885312693,0.7713399472857082,MLR,,,,,
2,AATS3i; XLogP,0.7052119406667874,0.8137690713581202,MLR,,,,,
2,AATS3i; SHBa,0.7051142050530785,0.8139039608590356,MLR,,,,,
2,AATS3i; ALogP,0.8626794538415058,0.555410386125066,MLR,,,,,
2,AATS3i; GATS3c,0.6163849423879773,0.9283122011520238,MLR,,,,,
2,AATS3i; RDF30i,0.5831270105716189,0.9677164287785724,MLR,,,,,
2,AATS3i; AATSC3s,-0.11794863274353107,1.5847368630564926,MLR,,,,,
2,AATS3i; FPSA-2,0.7855586425920043,0.6940655833250107,MLR,,,,,
2,XLogP; SHBa,0.579672154454324,0.9717181543384524,MLR,,,,,
2,XLogP; ALogP,0.6028299011196294,0.9445707833712244,MLR,,,,,
2,XLogP; GATS3c,0.6075139368737341,0.9389843537072012,MLR,,,,,
2,XLogP; RDF30i,0.8071019038687831,0.6582793116889016,MLR,,,,,
2,XLogP; AATSC3s,-0.6898095410207743,1.9483416503354611,MLR,,,,,
2,XLogP; FPSA-2,0.7531532350172202,0.7446633088124017,MLR,,,,,
2,SHBa; ALogP,0.6759934810443644,0.8531455107130236,MLR,,,,,
2,SHBa; GATS3c,0.6052822012932546,0.9416501735953511,MLR,,,,,
2,SHBa; RDF30i,0.5673355541907681,0.9858749685811977,MLR,,,,,
2,SHBa; AATSC3s,-1.5010225655345502,2.370309410958513,MLR,,,,,
2,SHBa; FPSA-2,0.5858241692165851,0.9645807971737085,MLR,,,,,
2,ALogP; GATS3c,0.6703016990140458,0.8606064373600036,MLR,,,,,
2,ALogP; RDF30i,0.645545886417012,0.8923315451595556,MLR,,,,,
2,ALogP; AATSC3s,-0.6283349000324541,1.9125733559409372,MLR,,,,,
2,ALogP; FPSA-2,0.4415925840185193,1.1200098043095212,MLR,,,,,
2,GATS3c; RDF30i,0.6066248657354844,0.9400472598002427,MLR,,,,,
2,GATS3c; AATSC3s,-0.9233464120931054,2.078619473059138,MLR,,,,,
2,GATS3c; FPSA-2,0.603596259128323,0.9436590469217667,MLR,,,,,
2,RDF30i; AATSC3s,0.17118667715352998,1.3645033225686236,MLR,,,,,
2,RDF30i; FPSA-2,0.2228177170820851,1.3213190046796397,MLR,,,,,
2,AATSC3s; FPSA-2,-1.0192009239023343,2.1297861763766424,MLR,,,,,
3,Mi; CrippenLogP; AATS3i,0.8607194988506639,0.5593599864663411,MLR,,,,,
3,Mi; CrippenLogP; XLogP,0.8727090773541519,0.5347428088308038,MLR,,,,,
3,Mi; CrippenLogP; SHBa,0.8746323689187475,0.5306876066891162,MLR,,,,,
3,Mi; CrippenLogP; ALogP,0.8742198570261079,0.5315599816490502,MLR,,,,,
3,Mi; CrippenLogP; GATS3c,0.8936801839300718,0.48871238380331566,MLR,,,,,
3,Mi; CrippenLogP; RDF30i,0.8881331124844544,0.5012992018476812,MLR,,,,,
3,Mi; CrippenLogP; AATSC3s,0.6305079995767926,0.9110637266641868,MLR,,,,,
3,Mi; CrippenLogP; FPSA-2,0.8199733542380756,0.6359377861310292,MLR,,,,,
3,Mi; AATS3i; XLogP,0.837680522120788,0.6038534532842229,MLR,,,,,
3,Mi; AATS3i; SHBa,0.7841589792321573,0.6963269897724184,MLR,,,,,
3,Mi; AATS3i; ALogP,0.8621737410196105,0.5564321561291268,MLR,,,,,
3,Mi; AATS3i; GATS3c,0.8325951108716997,0.6132397593262654,MLR,,,,,
3,Mi; AATS3i; RDF30i,0.79549881737436,0.6777884246978214,MLR,,,,,
3,Mi; AATS3i; AATSC3s,0.7131461123247049,0.8027431453772439,MLR,,,,,
3,Mi; AATS3i; FPSA-2,0.8010460171106437,0.6685325457808529,MLR,,,,,
3,Mi; XLogP; SHBa,0.8330759057899526,0.6123584990280767,MLR,,,,,
3,Mi; XLogP; ALogP,0.7957474154639326,0.6773763289240029,MLR,,,,,
3,Mi; XLogP; GATS3c,0.8416960929006125,0.596337407073959,MLR,,,,,
3,Mi; XLogP; RDF30i,0.8568351674953385,0.567106219795863,MLR,,,,,
3,Mi; XLogP; AATSC3s,0.8165411135545596,0.641971299072084,MLR,,,,,
3,Mi; XLogP; FPSA-2,0.7139762065887221,0.8015808197499182,MLR,,,,,
3,Mi; SHBa; ALogP,0.8028676778378474,0.6654649017095206,MLR,,,,,
3,Mi; SHBa; GATS3c,0.8368217324835977,0.605448760827432,MLR,,,,,
3,Mi; SHBa; RDF30i,0.7953833043301416,0.6779798229829783,MLR,,,,,
3,Mi; SHBa; AATSC3s,0.4418874591340076,1.1197140465684008,MLR,,,,,
3,Mi; SHBa; FPSA-2,0.7908269347028806,0.6854868313271082,MLR,,,,,
3,Mi; ALogP; GATS3c,0.837458285061476,0.6042666899300153,MLR,,,,,
3,Mi; ALogP; RDF30i,0.8178045674677299,0.6397568997637169,MLR,,,,,
3,Mi; ALogP; AATSC3s,0.8062229985055779,0.6597772727736373,MLR,,,,,
3,Mi; ALogP; FPSA-2,0.5491824115419279,1.0063444631877512,MLR,,,,,
3,Mi; GATS3c; RDF30i,0.8271638703046124,0.623108250947954,MLR,,,,,
3,Mi; GATS3c; AATSC3s,0.8453575413613332,0.5894006475583801,MLR,,,,,
3,Mi; GATS3c; FPSA-2,0.8285342827311859,0.6206330314935325,MLR,,,,,
3,Mi; RDF30i; AATSC3s,0.7988532676363415,0.6722065294382468,MLR,,,,,
3,Mi; RDF30i; FPSA-2,0.751149963277013,0.7476788407377195,MLR,,,,,
3,Mi; AATSC3s; FPSA-2,0.3367457681640992,1.220636214090486,MLR,,,,,
3,CrippenLogP; AATS3i; XLogP,0.7882035890029974,0.6897719570410585,MLR,,,,,
3,CrippenLogP; AATS3i; SHBa,0.8710653039936745,0.5381844384830949,MLR,,,,,
3,CrippenLogP; AATS3i; ALogP,0.8564181618072391,0.5679315431596221,MLR,,,,,
3,CrippenLogP; AATS3i; GATS3c,0.8273409515881696,0.6227889627114676,MLR,,,,,
3,CrippenLogP; AATS3i; RDF30i,0.8663589782689434,0.547918708320302,MLR,,,,,
3,CrippenLogP; AATS3i; AATSC3s,0.24461642896870106,1.3026567771323623,MLR,,,,,
3,CrippenLogP; AATS3i; FPSA-2,0.8976716401701539,0.4794510148997523,MLR,,,,,
3,CrippenLogP; XLogP; SHBa,0.8665071991329464,0.5476147765107983,MLR,,,,,
3,CrippenLogP; XLogP; ALogP,0.6228356500120811,0.9204740591969515,MLR,,,,,
3,CrippenLogP; XLogP; GATS3c,0.7745984917799018,0.7115814934363088,MLR,,,,,
3,CrippenLogP; XLogP; RDF30i,0.9071461829127402,0.4567158845067946,MLR,,,,,
3,CrippenLogP; XLogP; AATSC3s,-0.1790394518607692,1.6274603041464695,MLR,,,,,
3,CrippenLogP; XLogP; FPSA-2,0.7665746401361258,0.7241361926228406,MLR,,,,,
3,CrippenLogP; SHBa; ALogP,0.8929578632364104,0.4903696925725993,MLR,,,,,
3,CrippenLogP; SHBa; GATS3c,0.8743268178796455,0.5313339197268006,MLR,,,,,
3,CrippenLogP; SHBa; RDF30i,0.9058468510183693,0.45990026581142884,MLR,,,,,
3,CrippenLogP; SHBa; AATSC3s,0.535684250728652,1.021299085842142,MLR,,,,,
3,CrippenLogP; SHBa; FPSA-2,0.7814288743621617,0.700716961585862,MLR,,,,,
3,CrippenLogP; ALogP; GATS3c,0.7346017510357195,0.77213859731402,MLR,,,,,
3,CrippenLogP; ALogP; RDF30i,0.8396576200109601,0.6001646318411697,MLR,,,,,
3,CrippenLogP; ALogP; AATSC3s,-0.8124649429784787,2.0178135928105676,MLR,,,,,
3,CrippenLogP; ALogP; FPSA-2,0.6140632549438438,0.9311170958065029,MLR,,,,,
3,CrippenLogP; GATS3c; RDF30i,0.8860332919783394,0.5059821983070382,MLR,,,,,
3,CrippenLogP; GATS3c; AATSC3s,-0.005501710297224793,1.5029261554527853,MLR,,,,,
3,CrippenLogP; GATS3c; FPSA-2,0.8220983262438863,0.6321734505416693,MLR,,,,,
3,CrippenLogP; RDF30i; AATSC3s,0.7086461345772966,0.8090151004230449,MLR,,,,,
3,CrippenLogP; RDF30i; FPSA-2,0.8494289096053598,0.5815901378101433,MLR,,,,,
3,CrippenLogP; AATSC3s; FPSA-2,-0.9811676063483328,2.1096326822287295,MLR,,,,,
3,AATS3i; XLogP; SHBa,0.5882354714345721,0.9617688380575445,MLR,,,,,
3,AATS3i; XLogP; ALogP,0.8311546502378055,0.6158724651092308,MLR,,,,,
3,AATS3i; XLogP; GATS3c,0.6813019795969186,0.8461277111327242,MLR,,,,,
3,AATS3i; XLogP; RDF30i,0.787498183809216,0.6909196730311914,MLR,,,,,
3,AATS3i; XLogP; AATSC3s,-0.05175757920218138,1.537106860344959,MLR,,,,,
3,AATS3i; XLogP; FPSA-2,0.80230592855123,0.6664123833184855,MLR,,,,,
3,AATS3i; SHBa; ALogP,0.8416171872961655,0.5964860089069561,MLR,,,,,
3,AATS3i; SHBa; GATS3c,0.6888286641272557,0.836076521571457,MLR,,,,,
3,AATS3i; SHBa; RDF30i,0.608590677682312,0.9376954708139354,MLR,,,,,
3,AATS3i; SHBa; AATSC3s,-2.0502408515767496,2.6176603958813636,MLR,,,,,
3,AATS3i; SHBa; FPSA-2,0.729494248337853,0.7795329689517541,MLR,,,,,
3,AATS3i; ALogP; GATS3c,0.855793493196039,0.5691656267472991,MLR,,,,,
3,AATS3i; ALogP; RDF30i,0.8797432223737649,0.5197578017102006,MLR,,,,,
3,AATS3i; ALogP; AATSC3s,0.8591416491285644,0.5625194396575001,MLR,,,,,
3,AATS3i; ALogP; FPSA-2,0.8070277016732917,0.6584059098116298,MLR,,,,,
3,AATS3i; GATS3c; RDF30i,0.6057988968170671,0.9410336498903564,MLR,,,,,
3,AATS3i; GATS3c; AATSC3s,-0.33144049345727544,1.729446438397137,MLR,,,,,
3,AATS3i; GATS3c; FPSA-2,0.7881432053757667,0.6898702777922504,MLR,,,,,
3,AATS3i; RDF30i; AATSC3s,0.3319187803503678,1.2250698947106524,MLR,,,,,
3,AATS3i; RDF30i; FPSA-2,0.7442239485690159,0.7580121642182716,MLR,,,,,
3,AATS3i; AATSC3s; FPSA-2,0.8275211499353128,0.6224638860951168,MLR,,,,,
3,XLogP; SHBa; ALogP,0.6005361121863652,0.9472944611379385,MLR,,,,,
3,XLogP; SHBa; GATS3c,0.558730306185572,0.9956307158323717,MLR,,,,,
3,XLogP; SHBa; RDF30i,0.7805008446065909,0.702202970748092,MLR,,,,,
3,XLogP; SHBa; AATSC3s,-0.2840600504998583,1.698395783513579,MLR,,,,,
3,XLogP; SHBa; FPSA-2,0.7308069007702043,0.7776392934535007,MLR,,,,,
3,XLogP; ALogP; GATS3c,0.6202810627874241,0.9235860487790737,MLR,,,,,
3,XLogP; ALogP; RDF30i,0.7876282309785239,0.6907082256645815,MLR,,,,,
3,XLogP; ALogP; AATSC3s,0.10670177265051917,1.4165909789432567,MLR,,,,,
3,XLogP; ALogP; FPSA-2,0.6468952800389958,0.8906313890133972,MLR,,,,,
3,XLogP; GATS3c; RDF30i,0.7945830335066965,0.6793043434457311,MLR,,,,,
3,XLogP; GATS3c; AATSC3s,-0.40806501088106906,1.778515232423248,MLR,,,,,
3,XLogP; GATS3c; FPSA-2,0.7606664089689784,0.7332432341368901,MLR,,,,,
3,XLogP; RDF30i; AATSC3s,0.7674714853127641,0.722743749539955,MLR,,,,,
3,XLogP; RDF30i; FPSA-2,0.7811558812794389,0.7011544191642318,MLR,,,,,
3,XLogP; AATSC3s; FPSA-2,0.7317159743258836,0.776325126853815,MLR,,,,,
3,SHBa; ALogP; GATS3c,0.6795775122350067,0.8484138111951246,MLR,,,,,
3,SHBa; ALogP; RDF30i,0.6390534323476817,0.9004667767422366,MLR,,,,,
3,SHBa; ALogP; AATSC3s,-1.266283375201402,2.2563337636257144,MLR,,,,,
3,SHBa; ALogP; FPSA-2,0.32664567078642626,1.2298950796797383,MLR,,,,,
3,SHBa; GATS3c; RDF30i,0.6038918889239133,0.9433071004906312,MLR,,,,,
3,SHBa; GATS3c; AATSC3s,-1.005816988753729,2.1227159755002822,MLR,,,,,
3,SHBa; GATS3c; FPSA-2,0.6116701989595821,0.9339993970413176,MLR,,,,,
3,SHBa; RDF30i; AATSC3s,-1.6286681074420568,2.430043868298363,MLR,,,,,
3,SHBa; RDF30i; FPSA-2,0.3939517531263177,1.1668091747503206,MLR,,,,,
3,SHBa; AATSC3s; FPSA-2,-0.9149429594012763,2.0740735675851476,MLR,,,,,
3,ALogP; GATS3c; RDF30i,0.7217504051465247,0.7906121897408174,MLR,,,,,
3,ALogP; GATS3c; AATSC3s,0.3014269226409956,1.252714654174235,MLR,,,,,
3,ALogP; GATS3c; FPSA-2,0.6530603119197173,0.8828221632265749,MLR,,,,,
3,ALogP; RDF30i; AATSC3s,0.5192095661673999,1.0392598388709977,MLR,,,,,
3,ALogP; RDF30i; FPSA-2,0.6612082011957735,0.872394020285115,MLR,,,,,
3,ALogP; AATSC3s; FPSA-2,-2.2885144610885106,2.7179791052517928,MLR,,,,,
3,GATS3c; RDF30i; AATSC3s,0.4474505797175208,1.1141195614305073,MLR,,,,,
3,GATS3c; RDF30i; FPSA-2,0.4856906038854223,1.0748762452086265,MLR,,,,,
3,GATS3c; AATSC3s; FPSA-2,0.5415799917785942,1.0147942973567141,MLR,,,,,
3,RDF30i; AATSC3s; FPSA-2,0.11731626603016099,1.4081496043587927,MLR,,,,,
4,Mi; CrippenLogP; AATS3i; XLogP,0.8435952493931764,0.5927495129229842,MLR,,,,,
4,Mi; CrippenLogP; AATS3i; SHBa,0.8616460349590035,0.5574963658688871,MLR,,,,,
4,Mi; CrippenLogP; AATS3i; ALogP,0.8627132354472306,0.5553420649259617,MLR,,,,,
4,Mi; CrippenLogP; AATS3i; GATS3c,0.8758085391382372,0.5281923460022011,MLR,,,,,
4,Mi; CrippenLogP; AATS3i; RDF30i,0.8839892141495875,0.510499616387883,MLR,,,,,
4,Mi; CrippenLogP; AATS3i; AATSC3s,0.4925275747908219,1.0677079098584932,MLR,,,,,
4,Mi; CrippenLogP; AATS3i; FPSA-2,0.8959632100631649,0.483436801073835,MLR,,,,,
4,Mi; CrippenLogP; XLogP; SHBa,0.8615094201979195,0.5577715420840288,MLR,,,,,
4,Mi; CrippenLogP; XLogP; ALogP,0.8548171250244816,0.5710891798196438,MLR,,,,,
4,Mi; CrippenLogP; XLogP; GATS3c,0.8762673433238594,0.527215784933034,MLR,,,,,
4,Mi; CrippenLogP; XLogP; RDF30i,0.9043061342826153,0.46364788735883794,MLR,,,,,
4,Mi; CrippenLogP; XLogP; AATSC3s,0.6659023945390479,0.8663291291689288,MLR,,,,,
4,Mi; CrippenLogP; XLogP; FPSA-2,0.7180192476053375,0.7958953516127856,MLR,,,,,
4,Mi; CrippenLogP; SHBa; ALogP,0.8917653141884514,0.49309371398144375,MLR,,,,,
4,Mi; CrippenLogP; SHBa; GATS3c,0.8641379183340704,0.5524530403438653,MLR,,,,,
4,Mi; CrippenLogP; SHBa; RDF30i,0.8957183108227019,0.48400546391823546,MLR,,,,,
4,Mi; CrippenLogP; SHBa; AATSC3s,0.5805105628514047,0.9707485500951328,MLR,,,,,
4,Mi; CrippenLogP; SHBa; FPSA-2,0.7623813199458569,0.7306115360825616,MLR,,,,,
4,Mi; CrippenLogP; ALogP; GATS3c,0.8871393207365967,0.5035209739586936,MLR,,,,,
4,Mi; CrippenLogP; ALogP; RDF30i,0.8564278742267775,0.5679123343140974,MLR,,,,,
4,Mi; CrippenLogP; ALogP; AATSC3s,0.2627390596648014,1.2869357004120676,MLR,,,,,
4,Mi; CrippenLogP; ALogP; FPSA-2,0.6237349372206051,0.9193760437595075,MLR,,,,,
4,Mi; CrippenLogP; GATS3c; RDF30i,0.9065105404125587,0.45827647131993426,MLR,,,,,
4,Mi; CrippenLogP; GATS3c; AATSC3s,0.7765893578410705,0.7084319902914245,MLR,,,,,
4,Mi; CrippenLogP; GATS3c; FPSA-2,0.8516354984722856,0.5773128664338318,MLR,,,,,
4,Mi; CrippenLogP; RDF30i; AATSC3s,0.8001008425065868,0.6701186695700946,MLR,,,,,
4,Mi; CrippenLogP; RDF30i; FPSA-2,0.8422933123781243,0.5952114688231755,MLR,,,,,
4,Mi; CrippenLogP; AATSC3s; FPSA-2,-0.06767148348137475,1.5486920086426361,MLR,,,,,
4,Mi; AATS3i; XLogP; SHBa,0.8122155614114038,0.6494953345193268,MLR,,,,,
4,Mi; AATS3i; XLogP; ALogP,0.8359934183106537,0.6069834841250128,MLR,,,,,
4,Mi; AATS3i; XLogP; GATS3c,0.8276305642067117,0.6222664206173839,MLR,,,,,
4,Mi; AATS3i; XLogP; RDF30i,0.8478583554999789,0.5846154504069523,MLR,,,,,
4,Mi; AATS3i; XLogP; AATSC3s,0.7918749004143546,0.6837675164703028,MLR,,,,,
4,Mi; AATS3i; XLogP; FPSA-2,0.7349593361523565,0.7716182503694218,MLR,,,,,
4,Mi; AATS3i; SHBa; ALogP,0.843279464659115,0.5933475985343302,MLR,,,,,
4,Mi; AATS3i; SHBa; GATS3c,0.7992603190946681,0.6715260281580454,MLR,,,,,
4,Mi; AATS3i; SHBa; RDF30i,0.6833331990979052,0.8434270066363391,MLR,,,,,
4,Mi; AATS3i; SHBa; AATSC3s,-0.4349347018707772,1.7954044819151567,MLR,,,,,
4,Mi; AATS3i; SHBa; FPSA-2,0.735950659409146,0.770173868777058,MLR,,,,,
4,Mi; AATS3i; ALogP; GATS3c,0.8527521631933878,0.5751361917318057,MLR,,,,,
4,Mi; AATS3i; ALogP; RDF30i,0.8731500485228183,0.5338157563140585,MLR,,,,,
4,Mi; AATS3i; ALogP; AATSC3s,0.8634231353989279,0.553904387115382,MLR,,,,,
4,Mi; AATS3i; ALogP; FPSA-2,0.6357431147833614,0.9045865384423413,MLR,,,,,
4,Mi; AATS3i; GATS3c; RDF30i,0.8087861902634723,0.6553991336283795,MLR,,,,,
4,Mi; AATS3i; GATS3c; AATSC3s,0.8021671635831179,0.6666462256151456,MLR,,,,,
4,Mi; AATS3i; GATS3c; FPSA-2,0.8110972528658477,0.6514264263949249,MLR,,,,,
4,Mi; AATS3i; RDF30i; AATSC3s,0.7309314617843892,0.7774593580333402,MLR,,,,,
4,Mi; AATS3i; RDF30i; FPSA-2,0.7172545854891559,0.796973756769901,MLR,,,,,
4,Mi; AATS3i; AATSC3s; FPSA-2,0.2863183913145074,1.2661888603520068,MLR,,,,,
4,Mi; XLogP; SHBa; ALogP,0.7634359706834605,0.7289883537377266,MLR,,,,,
4,Mi; XLogP; SHBa; GATS3c,0.8289290457061177,0.6199181827034037,MLR,,,,,
4,Mi; XLogP; SHBa; RDF30i,0.8630686242152167,0.5546228032240273,MLR,,,,,
4,Mi; XLogP; SHBa; AATSC3s,0.6484451626570136,0.888674615168007,MLR,,,,,
4,Mi; XLogP; SHBa; FPSA-2,0.6987560608880135,0.822631612281263,MLR,,,,,
4,Mi; XLogP; ALogP; GATS3c,0.7869941988060192,0.6917385058824083,MLR,,,,,
4,Mi; XLogP; ALogP; RDF30i,0.8027475224481272,0.6656676767119508,MLR,,,,,
4,Mi; XLogP; ALogP; AATSC3s,0.8143823022785248,0.6457373789477213,MLR,,,,,
4,Mi; XLogP; ALogP; FPSA-2,0.31572719841270835,1.239826385935201,MLR,,,,,
4,Mi; XLogP; GATS3c; RDF30i,0.841757672199915,0.5962214099005216,MLR,,,,,
4,Mi; XLogP; GATS3c; AATSC3s,0.8468964865315253,0.58646056481023,MLR,,,,,
4,Mi; XLogP; GATS3c; FPSA-2,0.7124248092570502,0.8037517730853173,MLR,,,,,
4,Mi; XLogP; RDF30i; AATSC3s,0.8522703775955442,0.5760763279432575,MLR,,,,,
4,Mi; XLogP; RDF30i; FPSA-2,0.8332204141000754,0.6120933783679355,MLR,,,,,
4,Mi; XLogP; AATSC3s; FPSA-2,0.6623435394523314,0.8709310369766042,MLR,,,,,
4,Mi; SHBa; ALogP; GATS3c,0.8348936895198902,0.6090151158760528,MLR,,,,,
4,Mi; SHBa; ALogP; RDF30i,0.7843851832254046,0.6959620145805483,MLR,,,,,
4,Mi; SHBa; ALogP; AATSC3s,-0.5590407463552642,1.8714359530395326,MLR,,,,,
4,Mi; SHBa; ALogP; FPSA-2,0.36873499580911995,1.190836376582448,MLR,,,,,
4,Mi; SHBa; GATS3c; RDF30i,0.8058417711898473,0.660425960514579,MLR,,,,,
4,Mi; SHBa; GATS3c; AATSC3s,0.6549748227117962,0.8803829630070062,MLR,,,,,
4,Mi; SHBa; GATS3c; FPSA-2,0.8080443366056537,0.6566692813480863,MLR,,,,,
4,Mi; SHBa; RDF30i; AATSC3s,0.2521182653318075,1.2961721895642098,MLR,,,,,
4,Mi; SHBa; RDF30i; FPSA-2,0.5794776938593555,0.9719429063293811,MLR,,,,,
4,Mi; SHBa; AATSC3s; FPSA-2,-1.5362404269647252,2.3869396908667606,MLR,,,,,
4,Mi; ALogP; GATS3c; RDF30i,0.8193483052333619,0.6370408113384789,MLR,,,,,
4,Mi; ALogP; GATS3c; AATSC3s,0.7791265097126068,0.7043978678885815,MLR,,,,,
4,Mi; ALogP; GATS3c; FPSA-2,0.5560412793136937,0.9986597153781495,MLR,,,,,
4,Mi; ALogP; RDF30i; AATSC3s,0.7897370575979997,0.6872703443234599,MLR,,,,,
4,Mi; ALogP; RDF30i; FPSA-2,0.6357620743743321,0.9045629962463793,MLR,,,,,
4,Mi; ALogP; AATSC3s; FPSA-2,-0.38698542703606265,1.7651523073353736,MLR,,,,,
4,Mi; GATS3c; RDF30i; AATSC3s,0.8203522686516733,0.6352681826945028,MLR,,,,,
4,Mi; GATS3c; RDF30i; FPSA-2,0.7792351214388513,0.704224657251568,MLR,,,,,
4,Mi; GATS3c; AATSC3s; FPSA-2,0.6163792355959277,0.9283191060751772,MLR,,,,,
4,Mi; RDF30i; AATSC3s; FPSA-2,0.3575366418583047,1.201352392013946,MLR,,,,,
4,CrippenLogP; AATS3i; XLogP; SHBa,0.8800355791822911,0.5191256244557809,MLR,,,,,
4,CrippenLogP; AATS3i; XLogP; ALogP,0.8295271162892359,0.6188336051330086,MLR,,,,,
4,CrippenLogP; AATS3i; XLogP; GATS3c,0.8070712377288689,0.6583316348679186,MLR,,,,,
4,CrippenLogP; AATS3i; XLogP; RDF30i,0.8981291330816579,0.47837804180200943,MLR,,,,,
4,CrippenLogP; AATS3i; XLogP; AATSC3s,0.18941521572715647,1.3494147697736107,MLR,,,,,
4,CrippenLogP; AATS3i; XLogP; FPSA-2,0.8912016021282153,0.49437612121770624,MLR,,,,,
4,CrippenLogP; AATS3i; SHBa; ALogP,0.8615702902203974,0.5576489514435308,MLR,,,,,
4,CrippenLogP; AATS3i; SHBa; GATS3c,0.8701531853569048,0.5400847142056041,MLR,,,,,
4,CrippenLogP; AATS3i; SHBa; RDF30i,0.9218296098887406,0.41905147668192655,MLR,,,,,
4,CrippenLogP; AATS3i; SHBa; AATSC3s,0.7080943729807274,0.8097807884363237,MLR,,,,,
4,CrippenLogP; AATS3i; SHBa; FPSA-2,0.8467652974086078,0.5867117699302796,MLR,,,,,
4,CrippenLogP; AATS3i; ALogP; GATS3c,0.8495443630455386,0.5813671220292034,MLR,,,,,
4,CrippenLogP; AATS3i; ALogP; RDF30i,0.8992793796579485,0.475669638461236,MLR,,,,,
4,CrippenLogP; AATS3i; ALogP; AATSC3s,0.558186248402495,0.9962443017934265,MLR,,,,,
4,CrippenLogP; AATS3i; ALogP; FPSA-2,0.8689908822002943,0.5424965702017296,MLR,,,,,
4,CrippenLogP; AATS3i; GATS3c; RDF30i,0.8771180960561482,0.5254001610822272,MLR,,,,,
4,CrippenLogP; AATS3i; GATS3c; AATSC3s,0.13913959178123747,1.390633230534524,MLR,,,,,
4,CrippenLogP; AATS3i; GATS3c; FPSA-2,0.8983321437264956,0.47790114261763866,MLR,,,,,
4,CrippenLogP; AATS3i; RDF30i; AATSC3s,0.7116735741165066,0.8048009121932499,MLR,,,,,
4,CrippenLogP; AATS3i; RDF30i; FPSA-2,0.8936165710666664,0.48885856419791635,MLR,,,,,
4,CrippenLogP; AATS3i; AATSC3s; FPSA-2,0.6352724753737815,0.9051707369332962,MLR,,,,,
4,CrippenLogP; XLogP; SHBa; ALogP,0.9157401186932733,0.43506751501722474,MLR,,,,,
4,CrippenLogP; XLogP; SHBa; GATS3c,0.8607778249064653,0.5592428534943018,MLR,,,,,
4,CrippenLogP; XLogP; SHBa; RDF30i,0.8977528020825278,0.47926083848924844,MLR,,,,,
4,CrippenLogP; XLogP; SHBa; AATSC3s,0.5037784652665089,1.0558057905017493,MLR,,,,,
4,CrippenLogP; XLogP; SHBa; FPSA-2,0.774597617692379,0.7115828731606656,MLR,,,,,
4,CrippenLogP; XLogP; ALogP; GATS3c,0.6699671408400325,0.861042972690411,MLR,,,,,
4,CrippenLogP; XLogP; ALogP; RDF30i,0.8955569247320069,0.48437984197197914,MLR,,,,,
4,CrippenLogP; XLogP; ALogP; AATSC3s,-1.1206806123390427,2.182648838850244,MLR,,,,,
4,CrippenLogP; XLogP; ALogP; FPSA-2,0.7714872224380098,0.7164757245353819,MLR,,,,,
4,CrippenLogP; XLogP; GATS3c; RDF30i,0.9039099765980014,0.4646066111255038,MLR,,,,,
4,CrippenLogP; XLogP; GATS3c; AATSC3s,0.015674634170775414,1.4870157696262916,MLR,,,,,
4,CrippenLogP; XLogP; GATS3c; FPSA-2,0.7978740785454849,0.6738407050983712,MLR,,,,,
4,CrippenLogP; XLogP; RDF30i; AATSC3s,0.8289562449581086,0.6198688991146153,MLR,,,,,
4,CrippenLogP; XLogP; RDF30i; FPSA-2,0.8947035562613547,0.48635466687756723,MLR,,,,,
4,CrippenLogP; XLogP; AATSC3s; FPSA-2,-0.5743039621172012,1.880574443899215,MLR,,,,,
4,CrippenLogP; SHBa; ALogP; GATS3c,0.8932658520010577,0.4896637222221041,MLR,,,,,
4,CrippenLogP; SHBa; ALogP; RDF30i,0.9308795453424071,0.3940483640543421,MLR,,,,,
4,CrippenLogP; SHBa; ALogP; AATSC3s,0.6938212297272688,0.8293422162160105,MLR,,,,,
4,CrippenLogP; SHBa; ALogP; FPSA-2,0.898999771596505,0.4763294283220052,MLR,,,,,
4,CrippenLogP; SHBa; GATS3c; RDF30i,0.9025506588034947,0.4678813016458476,MLR,,,,,
4,CrippenLogP; SHBa; GATS3c; AATSC3s,0.4807898882528403,1.0799852066187694,MLR,,,,,
4,CrippenLogP; SHBa; GATS3c; FPSA-2,0.7563345790873607,0.739849162751444,MLR,,,,,
4,CrippenLogP; SHBa; RDF30i; AATSC3s,0.6497900392405044,0.8869731695232358,MLR,,,,,
4,CrippenLogP; SHBa; RDF30i; FPSA-2,0.8773571854660055,0.5248887807528447,MLR,,,,,
4,CrippenLogP; SHBa; AATSC3s; FPSA-2,0.501881860543522,1.0578215600450194,MLR,,,,,
4,CrippenLogP; ALogP; GATS3c; RDF30i,0.8736286358992249,0.5328077980716697,MLR,,,,,
4,CrippenLogP; ALogP; GATS3c; AATSC3s,-0.9144713030806355,2.073818126516595,MLR,,,,,
4,CrippenLogP; ALogP; GATS3c; FPSA-2,0.7824857388582452,0.6990208082981342,MLR,,,,,
4,CrippenLogP; ALogP; RDF30i; AATSC3s,0.4623319321546422,1.0990143369609628,MLR,,,,,
4,CrippenLogP; ALogP; RDF30i; FPSA-2,0.7804082902442127,0.7023510011548453,MLR,,,,,
4,CrippenLogP; ALogP; AATSC3s; FPSA-2,0.03716773945202101,1.470691398350785,MLR,,,,,
4,CrippenLogP; GATS3c; RDF30i; AATSC3s,0.7885568998224768,0.6891963910682217,MLR,,,,,
4,CrippenLogP; GATS3c; RDF30i; FPSA-2,0.8757601381090648,0.5282952619458334,MLR,,,,,
4,CrippenLogP; GATS3c; AATSC3s; FPSA-2,-0.38785263759220934,1.7657040505198807,MLR,,,,,
4,CrippenLogP; RDF30i; AATSC3s; FPSA-2,0.2003949718533854,1.3402443773861044,MLR,,,,,
4,AATS3i; XLogP; SHBa; ALogP,0.7988329888412786,0.6722404131477617,MLR,,,,,
4,AATS3i; XLogP; SHBa; GATS3c,0.5540007224352612,1.000952142156118,MLR,,,,,
4,AATS3i; XLogP; SHBa; RDF30i,0.758921870160185,0.7359107425118858,MLR,,,,,
4,AATS3i; XLogP; SHBa; AATSC3s,-1.769001702497862,2.4940654553914547,MLR,,,,,
4,AATS3i; XLogP; SHBa; FPSA-2,0.8164966450267368,0.6420490979441678,MLR,,,,,
4,AATS3i; XLogP; ALogP; GATS3c,0.8224345774725906,0.6315757337410272,MLR,,,,,
4,AATS3i; XLogP; ALogP; RDF30i,0.8393545186946371,0.6007316210642119,MLR,,,,,
4,AATS3i; XLogP; ALogP; AATSC3s,0.8366278229727591,0.605808390260337,MLR,,,,,
4,AATS3i; XLogP; ALogP; FPSA-2,0.766974768725479,0.723515283505581,MLR,,,,,
4,AATS3i; XLogP; GATS3c; RDF30i,0.7578590898613305,0.7375310706599034,MLR,,,,,
4,AATS3i; XLogP; GATS3c; AATSC3s,-0.2486790172129112,1.6748335139647095,MLR,,,,,
4,AATS3i; XLogP; GATS3c; FPSA-2,0.7638816312175056,0.7283013632125267,MLR,,,,,
4,AATS3i; XLogP; RDF30i; AATSC3s,0.6855097508957311,0.8405234374981029,MLR,,,,,
4,AATS3i; XLogP; RDF30i; FPSA-2,0.7763731147510187,0.7087747592603627,MLR,,,,,
4,AATS3i; XLogP; AATSC3s; FPSA-2,0.6276071954887832,0.9146330198972489,MLR,,,,,
4,AATS3i; SHBa; ALogP; GATS3c,0.8352664560564934,0.6083272295748908,MLR,,,,,
4,AATS3i; SHBa; ALogP; RDF30i,0.8744089434326581,0.531160281952735,MLR,,,,,
4,AATS3i; SHBa; ALogP; AATSC3s,0.7824316805880808,0.6991076658401841,MLR,,,,,
4,AATS3i; SHBa; ALogP; FPSA-2,0.7787958080401829,0.7049249986541337,MLR,,,,,
4,AATS3i; SHBa; GATS3c; RDF30i,0.602216959675284,0.9452993671422156,MLR,,,,,
4,AATS3i; SHBa; GATS3c; AATSC3s,-2.5425496213138596,2.821007279541936,MLR,,,,,
4,AATS3i; SHBa; GATS3c; FPSA-2,0.7332615991916749,0.7740856334190516,MLR,,,,,
4,AATS3i; SHBa; RDF30i; AATSC3s,-2.1601778126983087,2.6644157704027065,MLR,,,,,
4,AATS3i; SHBa; RDF30i; FPSA-2,0.6480979842077332,0.8891133127873494,MLR,,,,,
4,AATS3i; SHBa; AATSC3s; FPSA-2,-0.14456083373699502,1.6034878590607438,MLR,,,,,
4,AATS3i; ALogP; GATS3c; RDF30i,0.8747414273246332,0.5304567315577703,MLR,,,,,
4,AATS3i; ALogP; GATS3c; AATSC3s,0.855610648345226,0.5695263456880134,MLR,,,,,
4,AATS3i; ALogP; GATS3c; FPSA-2,0.7916331196961333,0.684164570490906,MLR,,,,,
4,AATS3i; ALogP; RDF30i; AATSC3s,0.8938048221421317,0.48842584220536256,MLR,,,,,
4,AATS3i; ALogP; RDF30i; FPSA-2,0.8257318937311019,0.6256842050357476,MLR,,,,,
4,AATS3i; ALogP; AATSC3s; FPSA-2,0.8032699126289224,0.66478563761332,MLR,,,,,
4,AATS3i; GATS3c; RDF30i; AATSC3s,0.20013073025848827,1.3404658111226255,MLR,,,,,
4,AATS3i; GATS3c; RDF30i; FPSA-2,0.745130064623928,0.7566683003645928,MLR,,,,,
4,AATS3i; GATS3c; AATSC3s; FPSA-2,0.7705164348420404,0.7179960084322194,MLR,,,,,
4,AATS3i; RDF30i; AATSC3s; FPSA-2,0.7899646498261276,0.6868982869905192,MLR,,,,,
4,XLogP; SHBa; ALogP; GATS3c,0.5926262787616985,0.9566272346462481,MLR,,,,,
4,XLogP; SHBa; ALogP; RDF30i,0.7686692085923837,0.7208799682241037,MLR,,,,,
4,XLogP; SHBa; ALogP; AATSC3s,-0.565331225008485,1.8752076238812185,MLR,,,,,
4,XLogP; SHBa; ALogP; FPSA-2,0.49937524362908825,1.0604797908969483,MLR,,,,,
4,XLogP; SHBa; GATS3c; RDF30i,0.7703354358201655,0.7182791026928139,MLR,,,,,
4,XLogP; SHBa; GATS3c; AATSC3s,-0.16235868283751986,1.6159068344904168,MLR,,,,,
4,XLogP; SHBa; GATS3c; FPSA-2,0.7494996229362687,0.7501539970987697,MLR,,,,,
4,XLogP; SHBa; RDF30i; AATSC3s,-0.18221916573072128,1.629653349431364,MLR,,,,,
4,XLogP; SHBa; RDF30i; FPSA-2,0.7718859449177111,0.7158503772243312,MLR,,,,,
4,XLogP; SHBa; AATSC3s; FPSA-2,0.5290987218557226,1.0285162799397587,MLR,,,,,
4,XLogP; ALogP; GATS3c; RDF30i,0.7752689496867056,0.710522403938079,MLR,,,,,
4,XLogP; ALogP; GATS3c; AATSC3s,0.5568669124820093,0.9977306759790034,MLR,,,,,
4,XLogP; ALogP; GATS3c; FPSA-2,0.663944381417457,0.8688640257379114,MLR,,,,,
4,XLogP; ALogP; RDF30i; AATSC3s,0.7806340565468605,0.7019898582722235,MLR,,,,,
4,XLogP; ALogP; RDF30i; FPSA-2,0.7427275091257932,0.7602263375596904,MLR,,,,,
4,XLogP; ALogP; AATSC3s; FPSA-2,0.4346457152335774,1.1269550129194654,MLR,,,,,
4,XLogP; GATS3c; RDF30i; AATSC3s,0.7796290569609375,0.7035960632064608,MLR,,,,,
4,XLogP; GATS3c; RDF30i; FPSA-2,0.7690707126824985,0.7202541069813119,MLR,,,,,
4,XLogP; GATS3c; AATSC3s; FPSA-2,0.06869627493716657,1.4464116321146312,MLR,,,,,
4,XLogP; RDF30i; AATSC3s; FPSA-2,0.48951458759430166,1.0708728398250353,MLR,,,,,
4,SHBa; ALogP; GATS3c; RDF30i,0.6863073927311083,0.8394568506858419,MLR,,,,,
4,SHBa; ALogP; GATS3c; AATSC3s,-0.9767733502260287,2.107291786788548,MLR,,,,,
4,SHBa; ALogP; GATS3c; FPSA-2,0.4542976119938045,1.1071951197865282,MLR,,,,,
4,SHBa; ALogP; RDF30i; AATSC3s,-1.4692085460921267,2.355185513904232,MLR,,,,,
4,SHBa; ALogP; RDF30i; FPSA-2,0.523266442183554,1.0348659495268067,MLR,,,,,
4,SHBa; ALogP; AATSC3s; FPSA-2,-1.5553512164449073,2.39591571163208,MLR,,,,,
4,SHBa; GATS3c; RDF30i; AATSC3s,-1.0608980310991538,2.151664169723653,MLR,,,,,
4,SHBa; GATS3c; RDF30i; FPSA-2,0.41784994913116835,1.1435725064915645,MLR,,,,,
4,SHBa; GATS3c; AATSC3s; FPSA-2,0.48674806077732535,1.0737706654211558,MLR,,,,,
4,SHBa; RDF30i; AATSC3s; FPSA-2,-2.954174158240617,2.98039710239652,MLR,,,,,
4,ALogP; GATS3c; RDF30i; AATSC3s,0.7030189304822145,0.8167903896453789,MLR,,,,,
4,ALogP; GATS3c; RDF30i; FPSA-2,0.7010003512241707,0.8195615493949477,MLR,,,,,
4,ALogP; GATS3c; AATSC3s; FPSA-2,-0.1044429350785605,1.5751353433858808,MLR,,,,,
4,ALogP; RDF30i; AATSC3s; FPSA-2,-0.5869699749632742,1.8881243398793932,MLR,,,,,
4,GATS3c; RDF30i; AATSC3s; FPSA-2,0.6472569258001514,0.8901751850013401,MLR,,,,,
2,Mi; CrippenLogP,0.7313464060209944,0.7768596469833604,kNN_initial_k3,,,,,
2,Mi; AATS3i,0.684646683917108,0.8416759867470778,kNN_initial_k3,,,,,
2,Mi; XLogP,0.7279972329725559,0.7816870132391013,kNN_initial_k3,,,,,
2,Mi; SHBa,0.48972916587867,1.0706477499366653,kNN_initial_k3,,,,,
2,Mi; ALogP,0.49066153007820557,1.069669161729717,kNN_initial_k3,,,,,
2,Mi; GATS3c,0.6023548359383877,0.945135527024799,kNN_initial_k3,,,,,
2,Mi; RDF30i,0.648186111616779,0.8890019747509628,kNN_initial_k3,,,,,
2,Mi; AATSC3s,0.46829306118749336,1.0929049668963295,kNN_initial_k3,,,,,
2,Mi; FPSA-2,0.6833211621957551,0.8434430363430335,kNN_initial_k3,,,,,
2,CrippenLogP; AATS3i,0.7971829201371708,0.6749918024193579,kNN_initial_k3,,,,,
2,CrippenLogP; XLogP,0.5612702963182435,0.9927611081109988,kNN_initial_k3,,,,,
2,CrippenLogP; SHBa,0.6779603331606836,0.850552097823003,kNN_initial_k3,,,,,
2,CrippenLogP; ALogP,0.6195084220705449,0.9245252138860851,kNN_initial_k3,,,,,
2,CrippenLogP; GATS3c,0.6489754517099857,0.8880041191095656,kNN_initial_k3,,,,,
2,CrippenLogP; RDF30i,0.6379757363854707,0.9018100588384577,kNN_initial_k3,,,,,
2,CrippenLogP; AATSC3s,0.5800270677146382,0.9713078216736675,kNN_initial_k3,,,,,
2,CrippenLogP; FPSA-2,0.6431503893480881,0.895341777076094,kNN_initial_k3,,,,,
2,AATS3i; XLogP,0.5916471833135795,0.9577761394675343,kNN_initial_k3,,,,,
2,AATS3i; SHBa,0.6219112492155094,0.9216013744202716,kNN_initial_k3,,,,,
2,AATS3i; ALogP,0.6183132010455832,0.9259761600002936,kNN_initial_k3,,,,,
2,AATS3i; GATS3c,0.5368122145878786,1.02005780881935,kNN_initial_k3,,,,,
2,AATS3i; RDF30i,0.5728926950481237,0.9795232196215555,kNN_initial_k3,,,,,
2,AATS3i; AATSC3s,0.4679110225529173,1.093297529901577,kNN_initial_k3,,,,,
2,AATS3i; FPSA-2,0.5658967386786169,0.9875128601131681,kNN_initial_k3,,,,,
2,XLogP; SHBa,0.686300725230552,0.8394657719182018,kNN_initial_k3,,,,,
2,XLogP; ALogP,0.43851929073011764,1.12308766057389,kNN_initial_k3,,,,,
2,XLogP; GATS3c,0.3782983627014198,1.1817816474384015,kNN_initial_k3,,,,,
2,XLogP; RDF30i,0.5946825188450553,0.9542098674354145,kNN_initial_k3,,,,,
2,XLogP; AATSC3s,0.22119010830894936,1.322701862770964,kNN_initial_k3,,,,,
2,XLogP; FPSA-2,0.4541782056064749,1.1073162471087974,kNN_initial_k3,,,,,
2,SHBa; ALogP,0.4731794342462057,1.0878714915936636,kNN_initial_k3,,,,,
2,SHBa; GATS3c,0.4614298963825343,1.0999358486344153,kNN_initial_k3,,,,,
2,SHBa; RDF30i,0.576562808247902,0.9753056409830374,kNN_initial_k3,,,,,
2,SHBa; AATSC3s,0.1670159615632315,1.3679322091715251,kNN_initial_k3,,,,,
2,SHBa; FPSA-2,0.4589513341835483,1.102463959602409,kNN_initial_k3,,,,,
2,ALogP; GATS3c,0.4835515358687352,1.0771091887289999,kNN_initial_k3,,,,,
2,ALogP; RDF30i,0.4539542055329032,1.10754343983029,kNN_initial_k3,,,,,
2,ALogP; AATSC3s,0.29327761334945757,1.2600003333332892,kNN_initial_k3,,,,,
2,ALogP; FPSA-2,0.5242235548799743,1.0338266048467164,kNN_initial_k3,,,,,
2,GATS3c; RDF30i,0.34670209978889255,1.2114398815734386,kNN_initial_k3,,,,,
2,GATS3c; AATSC3s,0.0418481550400015,1.4671124610381212,kNN_initial_k3,,,,,
2,GATS3c; FPSA-2,0.2866335183214498,1.2659092858495034,kNN_initial_k3,,,,,
2,RDF30i; AATSC3s,0.2915479734950205,1.2615412601699205,kNN_initial_k3,,,,,
2,RDF30i; FPSA-2,0.3650751706529741,1.1942833871778042,kNN_initial_k3,,,,,
2,AATSC3s; FPSA-2,0.32310793185578945,1.2331217223868138,kNN_initial_k3,,,,,
3,Mi; CrippenLogP; AATS3i,0.7877947411130224,0.6904373975966251,kNN_initial_k3,,,,,
3,Mi; CrippenLogP; XLogP,0.7735504434827766,0.7132338933804723,kNN_initial_k3,,,,,
3,Mi; CrippenLogP; SHBa,0.6718682117462247,0.8585594808877381,kNN_initial_k3,,,,,
3,Mi; CrippenLogP; ALogP,0.6931162865575903,0.830296402229683,kNN_initial_k3,,,,,
3,Mi; CrippenLogP; GATS3c,0.7120962745614805,0.804210757340526,kNN_initial_k3,,,,,
3,Mi; CrippenLogP; RDF30i,0.7556691499220648,0.7408587059772075,kNN_initial_k3,,,,,
3,Mi; CrippenLogP; AATSC3s,0.6615925397614437,0.8718990410464837,kNN_initial_k3,,,,,
3,Mi; CrippenLogP; FPSA-2,0.7070814110878405,0.8111846097597707,kNN_initial_k3,,,,,
3,Mi; AATS3i; XLogP,0.7337470825911491,0.7733808663552808,kNN_initial_k3,,,,,
3,Mi; AATS3i; SHBa,0.7049908446354383,0.8140741844437632,kNN_initial_k3,,,,,
3,Mi; AATS3i; ALogP,0.6597276530863977,0.8742981591603125,kNN_initial_k3,,,,,
3,Mi; AATS3i; GATS3c,0.6269052341096016,0.9154946568203808,kNN_initial_k3,,,,,
3,Mi; AATS3i; RDF30i,0.7075397209363035,0.8105497585658213,kNN_initial_k3,,,,,
3,Mi; AATS3i; AATSC3s,0.6695308791997014,0.8616118796251079,kNN_initial_k3,,,,,
3,Mi; AATS3i; FPSA-2,0.7013512094530898,0.8190805549856228,kNN_initial_k3,,,,,
3,Mi; XLogP; SHBa,0.666037720518386,0.8661536584232615,kNN_initial_k3,,,,,
3,Mi; XLogP; ALogP,0.6776442956076687,0.8509693453154861,kNN_initial_k3,,,,,
3,Mi; XLogP; GATS3c,0.6808553669325998,0.8467203710001707,kNN_initial_k3,,,,,
3,Mi; XLogP; RDF30i,0.7385014158961951,0.7664448432716982,kNN_initial_k3,,,,,
3,Mi; XLogP; AATSC3s,0.501993767398528,1.0577027286635043,kNN_initial_k3,,,,,
3,Mi; XLogP; FPSA-2,0.6908698360758929,0.8333298293259667,kNN_initial_k3,,,,,
3,Mi; SHBa; ALogP,0.6577543473684995,0.8768296071643567,kNN_initial_k3,,,,,
3,Mi; SHBa; GATS3c,0.500046939272792,1.059768121388406,kNN_initial_k3,,,,,
3,Mi; SHBa; RDF30i,0.5406380001228355,1.0158363954014555,kNN_initial_k3,,,,,
3,Mi; SHBa; AATSC3s,0.5141135582719898,1.0447529979218375,kNN_initial_k3,,,,,
3,Mi; SHBa; FPSA-2,0.5629909599464504,0.9908124298327666,kNN_initial_k3,,,,,
3,Mi; ALogP; GATS3c,0.6234191048600243,0.9197618194100278,kNN_initial_k3,,,,,
3,Mi; ALogP; RDF30i,0.5603995469773131,0.9937457890896109,kNN_initial_k3,,,,,
3,Mi; ALogP; AATSC3s,0.6311849155717695,0.9102288015170202,kNN_initial_k3,,,,,
3,Mi; ALogP; FPSA-2,0.6809183924258317,0.8466367606266835,kNN_initial_k3,,,,,
3,Mi; GATS3c; RDF30i,0.6345390822272182,0.9060803373751016,kNN_initial_k3,,,,,
3,Mi; GATS3c; AATSC3s,0.4861813703307959,1.0743632863752888,kNN_initial_k3,,,,,
3,Mi; GATS3c; FPSA-2,0.5842861614293623,0.9663700832381856,kNN_initial_k3,,,,,
3,Mi; RDF30i; AATSC3s,0.6318588230179828,0.9093968257403734,kNN_initial_k3,,,,,
3,Mi; RDF30i; FPSA-2,0.516853186799435,1.0418034598180643,kNN_initial_k3,,,,,
3,Mi; AATSC3s; FPSA-2,0.6058295000720284,0.9409971212613896,kNN_initial_k3,,,,,
3,CrippenLogP; AATS3i; XLogP,0.6492304758531003,0.8876814869209692,kNN_initial_k3,,,,,
3,CrippenLogP; AATS3i; SHBa,0.7159608119904582,0.7987950536763345,kNN_initial_k3,,,,,
3,CrippenLogP; AATS3i; ALogP,0.690009685289936,0.8344883888413975,kNN_initial_k3,,,,,
3,CrippenLogP; AATS3i; GATS3c,0.7831985650759621,0.6978744713612742,kNN_initial_k3,,,,,
3,CrippenLogP; AATS3i; RDF30i,0.7953807107482116,0.6779841197746941,kNN_initial_k3,,,,,
3,CrippenLogP; AATS3i; AATSC3s,0.6527726921728569,0.8831880257843678,kNN_initial_k3,,,,,
3,CrippenLogP; AATS3i; FPSA-2,0.7795865886202389,0.7036638559868074,kNN_initial_k3,,,,,
3,CrippenLogP; XLogP; SHBa,0.7114836199175791,0.8050659765923951,kNN_initial_k3,,,,,
3,CrippenLogP; XLogP; ALogP,0.6030467314491561,0.9443129095332286,kNN_initial_k3,,,,,
3,CrippenLogP; XLogP; GATS3c,0.677875734652064,0.8506638087726288,kNN_initial_k3,,,,,
3,CrippenLogP; XLogP; RDF30i,0.7059170934469912,0.8127951935553426,kNN_initial_k3,,,,,
3,CrippenLogP; XLogP; AATSC3s,0.5081241915989287,1.0511724438295875,kNN_initial_k3,,,,,
3,CrippenLogP; XLogP; FPSA-2,0.698160027482863,0.8234450288607951,kNN_initial_k3,,,,,
3,CrippenLogP; SHBa; ALogP,0.7142130891058813,0.8012488197252532,kNN_initial_k3,,,,,
3,CrippenLogP; SHBa; GATS3c,0.6704060187204879,0.8604702745204703,kNN_initial_k3,,,,,
3,CrippenLogP; SHBa; RDF30i,0.6897875845280639,0.8347872809551212,kNN_initial_k3,,,,,
3,CrippenLogP; SHBa; AATSC3s,0.6794807717452083,0.8485418761355009,kNN_initial_k3,,,,,
3,CrippenLogP; SHBa; FPSA-2,0.7029029649177112,0.8169498447817278,kNN_initial_k3,,,,,
3,CrippenLogP; ALogP; GATS3c,0.5847553705571513,0.9658245665405978,kNN_initial_k3,,,,,
3,CrippenLogP; ALogP; RDF30i,0.6415779096229944,0.8973122979208521,kNN_initial_k3,,,,,
3,CrippenLogP; ALogP; AATSC3s,0.458124415416985,1.1033061205103305,kNN_initial_k3,,,,,
3,CrippenLogP; ALogP; FPSA-2,0.6373322753014916,0.9026111405866378,kNN_initial_k3,,,,,
3,CrippenLogP; GATS3c; RDF30i,0.6179539541514025,0.9264118258696351,kNN_initial_k3,,,,,
3,CrippenLogP; GATS3c; AATSC3s,0.5343240094251178,1.022793970781343,kNN_initial_k3,,,,,
3,CrippenLogP; GATS3c; FPSA-2,0.6841159628100979,0.8423839346362997,kNN_initial_k3,,,,,
3,CrippenLogP; RDF30i; AATSC3s,0.508837739263073,1.050409716888288,kNN_initial_k3,,,,,
3,CrippenLogP; RDF30i; FPSA-2,0.5644382038063516,0.9891704313323476,kNN_initial_k3,,,,,
3,CrippenLogP; AATSC3s; FPSA-2,0.7118951770214865,0.8044915744327802,kNN_initial_k3,,,,,
3,AATS3i; XLogP; SHBa,0.7245103261922514,0.786681429240014,kNN_initial_k3,,,,,
3,AATS3i; XLogP; ALogP,0.6048471602333969,0.9421689539449801,kNN_initial_k3,,,,,
3,AATS3i; XLogP; GATS3c,0.5443544011314927,1.0117188124946355,kNN_initial_k3,,,,,
3,AATS3i; XLogP; RDF30i,0.7463897717815583,0.7547960489798258,kNN_initial_k3,,,,,
3,AATS3i; XLogP; AATSC3s,0.582218287794871,0.9687705954799964,kNN_initial_k3,,,,,
3,AATS3i; XLogP; FPSA-2,0.6670550393474849,0.8648334097770893,kNN_initial_k3,,,,,
3,AATS3i; SHBa; ALogP,0.6440931522791791,0.8941582907343022,kNN_initial_k3,,,,,
3,AATS3i; SHBa; GATS3c,0.5630337735976789,0.9907638938381502,kNN_initial_k3,,,,,
3,AATS3i; SHBa; RDF30i,0.6724896645558844,0.857746077422295,kNN_initial_k3,,,,,
3,AATS3i; SHBa; AATSC3s,0.6168026942784878,0.9278066034111493,kNN_initial_k3,,,,,
3,AATS3i; SHBa; FPSA-2,0.6456093569813733,0.8922516486084207,kNN_initial_k3,,,,,
3,AATS3i; ALogP; GATS3c,0.5985450857381447,0.9496523012836506,kNN_initial_k3,,,,,
3,AATS3i; ALogP; RDF30i,0.6113264246826247,0.9344127234674077,kNN_initial_k3,,,,,
3,AATS3i; ALogP; AATSC3s,0.4332316010230782,1.128363552524924,kNN_initial_k3,,,,,
3,AATS3i; ALogP; FPSA-2,0.6292704885165588,0.9125881290775886,kNN_initial_k3,,,,,
3,AATS3i; GATS3c; RDF30i,0.6350003775562589,0.9055083164229422,kNN_initial_k3,,,,,
3,AATS3i; GATS3c; AATSC3s,0.47771503213229716,1.083178419693122,kNN_initial_k3,,,,,
3,AATS3i; GATS3c; FPSA-2,0.6093813534202108,0.9367478849722587,kNN_initial_k3,,,,,
3,AATS3i; RDF30i; AATSC3s,0.5521291940048171,1.0030500707564127,kNN_initial_k3,,,,,
3,AATS3i; RDF30i; FPSA-2,0.5674821891198594,0.9857078922728015,kNN_initial_k3,,,,,
3,AATS3i; AATSC3s; FPSA-2,0.6246993992215305,0.9181969916938063,kNN_initial_k3,,,,,
3,XLogP; SHBa; ALogP,0.5353352009955359,1.021682894922773,kNN_initial_k3,,,,,
3,XLogP; SHBa; GATS3c,0.6369429164030734,0.9030955308148623,kNN_initial_k3,,,,,
3,XLogP; SHBa; RDF30i,0.6715681600666814,0.8589519350153808,kNN_initial_k3,,,,,
3,XLogP; SHBa; AATSC3s,0.5631872162200601,0.9905899230032353,kNN_initial_k3,,,,,
3,XLogP; SHBa; FPSA-2,0.6256925018264597,0.9169813423522979,kNN_initial_k3,,,,,
3,XLogP; ALogP; GATS3c,0.5070226758864966,1.052348793044503,kNN_initial_k3,,,,,
3,XLogP; ALogP; RDF30i,0.6145833485575036,0.9304894912535733,kNN_initial_k3,,,,,
3,XLogP; ALogP; AATSC3s,0.26471916694431374,1.2852063370871187,kNN_initial_k3,,,,,
3,XLogP; ALogP; FPSA-2,0.4947337335001383,1.06538453360486,kNN_initial_k3,,,,,
3,XLogP; GATS3c; RDF30i,0.5821863536384717,0.9688076199351678,kNN_initial_k3,,,,,
3,XLogP; GATS3c; AATSC3s,0.2706466022068196,1.2800155363640449,kNN_initial_k3,,,,,
3,XLogP; GATS3c; FPSA-2,0.5546222760460569,1.0002544254116328,kNN_initial_k3,,,,,
3,XLogP; RDF30i; AATSC3s,0.4734854153394612,1.0875555239976384,kNN_initial_k3,,,,,
3,XLogP; RDF30i; FPSA-2,0.5392761224100324,1.0173411139938375,kNN_initial_k3,,,,,
3,XLogP; AATSC3s; FPSA-2,0.3320816197351446,1.2249205851809333,kNN_initial_k3,,,,,
3,SHBa; ALogP; GATS3c,0.4780098191572233,1.082872693861615,kNN_initial_k3,,,,,
3,SHBa; ALogP; RDF30i,0.5668022058546568,0.9864824287447912,kNN_initial_k3,,,,,
3,SHBa; ALogP; AATSC3s,0.5076327506320062,1.0516974343095706,kNN_initial_k3,,,,,
3,SHBa; ALogP; FPSA-2,0.546350140490393,1.0095007038685566,kNN_initial_k3,,,,,
3,SHBa; GATS3c; RDF30i,0.46870703002156944,1.092479434843309,kNN_initial_k3,,,,,
3,SHBa; GATS3c; AATSC3s,0.45993715609362884,1.1014591251809775,kNN_initial_k3,,,,,
3,SHBa; GATS3c; FPSA-2,0.456040203744978,1.10542590283866,kNN_initial_k3,,,,,
3,SHBa; RDF30i; AATSC3s,0.5116500718596192,1.0473981435495823,kNN_initial_k3,,,,,
3,SHBa; RDF30i; FPSA-2,0.4015443294249452,1.1594772423620723,kNN_initial_k3,,,,,
3,SHBa; AATSC3s; FPSA-2,0.46188161601508937,1.0994744724437926,kNN_initial_k3,,,,,
3,ALogP; GATS3c; RDF30i,0.4833138053543352,1.077357066570266,kNN_initial_k3,,,,,
3,ALogP; GATS3c; AATSC3s,0.334425686924403,1.2227692595997912,kNN_initial_k3,,,,,
3,ALogP; GATS3c; FPSA-2,0.4622705792235703,1.0990770390549416,kNN_initial_k3,,,,,
3,ALogP; RDF30i; AATSC3s,0.4978308777782885,1.0621142562518089,kNN_initial_k3,,,,,
3,ALogP; RDF30i; FPSA-2,0.35807596962598076,1.2008480373839516,kNN_initial_k3,,,,,
3,ALogP; AATSC3s; FPSA-2,0.4668947701081998,1.094341092469193,kNN_initial_k3,,,,,
3,GATS3c; RDF30i; AATSC3s,0.2770934992191665,1.2743458260787943,kNN_initial_k3,,,,,
3,GATS3c; RDF30i; FPSA-2,0.3592049521554187,1.199791578196443,kNN_initial_k3,,,,,
3,GATS3c; AATSC3s; FPSA-2,0.42839896661476684,1.1331639206712816,kNN_initial_k3,,,,,
3,RDF30i; AATSC3s; FPSA-2,0.5767706246030333,0.9750662792286938,kNN_initial_k3,,,,,
4,Mi; CrippenLogP; AATS3i; XLogP,0.7843517895494159,0.6960159065870711,kNN_initial_k3,,,,,
4,Mi; CrippenLogP; AATS3i; SHBa,0.705830872609628,0.8129143346968092,kNN_initial_k3,,,,,
4,Mi; CrippenLogP; AATS3i; ALogP,0.707649661406965,0.810397394972231,kNN_initial_k3,,,,,
4,Mi; CrippenLogP; AATS3i; GATS3c,0.7601122730913323,0.73409159283203,kNN_initial_k3,,,,,
4,Mi; CrippenLogP; AATS3i; RDF30i,0.7848733623050731,0.6951736953212965,kNN_initial_k3,,,,,
4,Mi; CrippenLogP; AATS3i; AATSC3s,0.7752641766017294,0.7105299493257755,kNN_initial_k3,,,,,
4,Mi; CrippenLogP; AATS3i; FPSA-2,0.7731040399445306,0.7139365518027497,kNN_initial_k3,,,,,
4,Mi; CrippenLogP; XLogP; SHBa,0.717111597035448,0.7971752518877029,kNN_initial_k3,,,,,
4,Mi; CrippenLogP; XLogP; ALogP,0.6852003906525828,0.8409367422371582,kNN_initial_k3,,,,,
4,Mi; CrippenLogP; XLogP; GATS3c,0.683246632017593,0.8435422824151866,kNN_initial_k3,,,,,
4,Mi; CrippenLogP; XLogP; RDF30i,0.7872104515022847,0.691387275298327,kNN_initial_k3,,,,,
4,Mi; CrippenLogP; XLogP; AATSC3s,0.5638315972831435,0.9898590000601099,kNN_initial_k3,,,,,
4,Mi; CrippenLogP; XLogP; FPSA-2,0.7193517956161342,0.794012555176414,kNN_initial_k3,,,,,
4,Mi; CrippenLogP; SHBa; ALogP,0.7015932312248612,0.8187486006773455,kNN_initial_k3,,,,,
4,Mi; CrippenLogP; SHBa; GATS3c,0.6787377451807268,0.849524850202224,kNN_initial_k3,,,,,
4,Mi; CrippenLogP; SHBa; RDF30i,0.6853336985924987,0.8407586679765948,kNN_initial_k3,,,,,
4,Mi; CrippenLogP; SHBa; AATSC3s,0.6721699253235052,0.858164672102298,kNN_initial_k3,,,,,
4,Mi; CrippenLogP; SHBa; FPSA-2,0.7021464057573701,0.8179893669507231,kNN_initial_k3,,,,,
4,Mi; CrippenLogP; ALogP; GATS3c,0.7041455895971755,0.8152395857796789,kNN_initial_k3,,,,,
4,Mi; CrippenLogP; ALogP; RDF30i,0.6904139616989949,0.8339440588752542,kNN_initial_k3,,,,,
4,Mi; CrippenLogP; ALogP; AATSC3s,0.6893089975487581,0.8354309759373036,kNN_initial_k3,,,,,
4,Mi; CrippenLogP; ALogP; FPSA-2,0.7061190931600426,0.8125159991587175,kNN_initial_k3,,,,,
4,Mi; CrippenLogP; GATS3c; RDF30i,0.7225041999724942,0.789540555569433,kNN_initial_k3,,,,,
4,Mi; CrippenLogP; GATS3c; AATSC3s,0.6488722557743073,0.8881346394425665,kNN_initial_k3,,,,,
4,Mi; CrippenLogP; GATS3c; FPSA-2,0.7019706798561631,0.818230627635021,kNN_initial_k3,,,,,
4,Mi; CrippenLogP; RDF30i; AATSC3s,0.7465161155785756,0.7546080130328152,kNN_initial_k3,,,,,
4,Mi; CrippenLogP; RDF30i; FPSA-2,0.724837227412498,0.7862145452172146,kNN_initial_k3,,,,,
4,Mi; CrippenLogP; AATSC3s; FPSA-2,0.6981815530154584,0.82341566659859,kNN_initial_k3,,,,,
4,Mi; AATS3i; XLogP; SHBa,0.6846505794845419,0.8416707881087212,kNN_initial_k3,,,,,
4,Mi; AATS3i; XLogP; ALogP,0.7135875824528126,0.8021251938860086,kNN_initial_k3,,,,,
4,Mi; AATS3i; XLogP; GATS3c,0.6746529667325827,0.8549085513147656,kNN_initial_k3,,,,,
4,Mi; AATS3i; XLogP; RDF30i,0.7460763596312782,0.7552622943940293,kNN_initial_k3,,,,,
4,Mi; AATS3i; XLogP; AATSC3s,0.5944440384982237,0.9544905447410155,kNN_initial_k3,,,,,
4,Mi; AATS3i; XLogP; FPSA-2,0.6788533262114462,0.8493720190038444,kNN_initial_k3,,,,,
4,Mi; AATS3i; SHBa; ALogP,0.679841878382095,0.8480637449835687,kNN_initial_k3,,,,,
4,Mi; AATS3i; SHBa; GATS3c,0.6145393874054565,0.9305425561944435,kNN_initial_k3,,,,,
4,Mi; AATS3i; SHBa; RDF30i,0.6921348389997677,0.8316230315874297,kNN_initial_k3,,,,,
4,Mi; AATS3i; SHBa; AATSC3s,0.6238410686092856,0.9192463724885368,kNN_initial_k3,,,,,
4,Mi; AATS3i; SHBa; FPSA-2,0.6326317953969282,0.9084416106718144,kNN_initial_k3,,,,,
4,Mi; AATS3i; ALogP; GATS3c,0.6614856243403537,0.8720367627316842,kNN_initial_k3,,,,,
4,Mi; AATS3i; ALogP; RDF30i,0.7039494678581446,0.8155097519683965,kNN_initial_k3,,,,,
4,Mi; AATS3i; ALogP; AATSC3s,0.6535982181108404,0.8821375201432283,kNN_initial_k3,,,,,
4,Mi; AATS3i; ALogP; FPSA-2,0.6742581393992294,0.8554271343733623,kNN_initial_k3,,,,,
4,Mi; AATS3i; GATS3c; RDF30i,0.6794856604943851,0.8485354048790973,kNN_initial_k3,,,,,
4,Mi; AATS3i; GATS3c; AATSC3s,0.622842671672994,0.9204654909337994,kNN_initial_k3,,,,,
4,Mi; AATS3i; GATS3c; FPSA-2,0.6098005473399102,0.9362451127301606,kNN_initial_k3,,,,,
4,Mi; AATS3i; RDF30i; AATSC3s,0.7041111724864189,0.8152870033171007,kNN_initial_k3,,,,,
4,Mi; AATS3i; RDF30i; FPSA-2,0.6881012944847207,0.8370531245586109,kNN_initial_k3,,,,,
4,Mi; AATS3i; AATSC3s; FPSA-2,0.595936104135786,0.9527331117486273,kNN_initial_k3,,,,,
4,Mi; XLogP; SHBa; ALogP,0.6831263818456119,0.8437023856524027,kNN_initial_k3,,,,,
4,Mi; XLogP; SHBa; GATS3c,0.6694603989080488,0.8617037541986226,kNN_initial_k3,,,,,
4,Mi; XLogP; SHBa; RDF30i,0.6655658206990225,0.8667653943766381,kNN_initial_k3,,,,,
4,Mi; XLogP; SHBa; AATSC3s,0.6649632244933302,0.8675459283391155,kNN_initial_k3,,,,,
4,Mi; XLogP; SHBa; FPSA-2,0.6846580975933529,0.8416607550947512,kNN_initial_k3,,,,,
4,Mi; XLogP; ALogP; GATS3c,0.6602835578794749,0.8735836943940237,kNN_initial_k3,,,,,
4,Mi; XLogP; ALogP; RDF30i,0.6630369663089908,0.8700362853225017,kNN_initial_k3,,,,,
4,Mi; XLogP; ALogP; AATSC3s,0.6757675382345001,0.8534429252543293,kNN_initial_k3,,,,,
4,Mi; XLogP; ALogP; FPSA-2,0.6986158227217736,0.8228230699515203,kNN_initial_k3,,,,,
4,Mi; XLogP; GATS3c; RDF30i,0.7550066719796936,0.741862407128917,kNN_initial_k3,,,,,
4,Mi; XLogP; GATS3c; AATSC3s,0.48644774286131587,1.074084765949338,kNN_initial_k3,,,,,
4,Mi; XLogP; GATS3c; FPSA-2,0.6507189407122322,0.8857960788654088,kNN_initial_k3,,,,,
4,Mi; XLogP; RDF30i; AATSC3s,0.750694997007636,0.7483620098440178,kNN_initial_k3,,,,,
4,Mi; XLogP; RDF30i; FPSA-2,0.6579849950330198,0.8765340989754287,kNN_initial_k3,,,,,
4,Mi; XLogP; AATSC3s; FPSA-2,0.6739194683817942,0.8558717089740859,kNN_initial_k3,,,,,
4,Mi; SHBa; ALogP; GATS3c,0.6566698799570208,0.8782177052290496,kNN_initial_k3,,,,,
4,Mi; SHBa; ALogP; RDF30i,0.6262296904854969,0.9163231016768413,kNN_initial_k3,,,,,
4,Mi; SHBa; ALogP; AATSC3s,0.6716731366070783,0.8588146508091513,kNN_initial_k3,,,,,
4,Mi; SHBa; ALogP; FPSA-2,0.7119582895665048,0.8044034532220479,kNN_initial_k3,,,,,
4,Mi; SHBa; GATS3c; RDF30i,0.556814319161359,0.9977898821339537,kNN_initial_k3,,,,,
4,Mi; SHBa; GATS3c; AATSC3s,0.5045154261670478,1.0550214868796643,kNN_initial_k3,,,,,
4,Mi; SHBa; GATS3c; FPSA-2,0.5603245637341725,0.9938305377567032,kNN_initial_k3,,,,,
4,Mi; SHBa; RDF30i; AATSC3s,0.5647141500549073,0.9888570416844333,kNN_initial_k3,,,,,
4,Mi; SHBa; RDF30i; FPSA-2,0.5178767278527999,1.0406993503302373,kNN_initial_k3,,,,,
4,Mi; SHBa; AATSC3s; FPSA-2,0.5785756038215546,0.9729848371548928,kNN_initial_k3,,,,,
4,Mi; ALogP; GATS3c; RDF30i,0.6415298332955983,0.8973724756197953,kNN_initial_k3,,,,,
4,Mi; ALogP; GATS3c; AATSC3s,0.638132637337905,0.9016146158728549,kNN_initial_k3,,,,,
4,Mi; ALogP; GATS3c; FPSA-2,0.6585563713026499,0.8758016162985264,kNN_initial_k3,,,,,
4,Mi; ALogP; RDF30i; AATSC3s,0.5897648843028374,0.9599810322200237,kNN_initial_k3,,,,,
4,Mi; ALogP; RDF30i; FPSA-2,0.6324426160378491,0.9086754854059715,kNN_initial_k3,,,,,
4,Mi; ALogP; AATSC3s; FPSA-2,0.7069923808519218,0.8113078768945308,kNN_initial_k3,,,,,
4,Mi; GATS3c; RDF30i; AATSC3s,0.6332322627907572,0.9076988781161589,kNN_initial_k3,,,,,
4,Mi; GATS3c; RDF30i; FPSA-2,0.655044011767121,0.8802946855078324,kNN_initial_k3,,,,,
4,Mi; GATS3c; AATSC3s; FPSA-2,0.5724754103323724,0.980001600905722,kNN_initial_k3,,,,,
4,Mi; RDF30i; AATSC3s; FPSA-2,0.5336700981698915,1.023511832423598,kNN_initial_k3,,,,,
4,CrippenLogP; AATS3i; XLogP; SHBa,0.7213416411734164,0.7911927030334225,kNN_initial_k3,,,,,
4,CrippenLogP; AATS3i; XLogP; ALogP,0.5737673775470322,0.9785197119458897,kNN_initial_k3,,,,,
4,CrippenLogP; AATS3i; XLogP; GATS3c,0.7923335678290033,0.6830136553051729,kNN_initial_k3,,,,,
4,CrippenLogP; AATS3i; XLogP; RDF30i,0.7882273350724527,0.6897332882273328,kNN_initial_k3,,,,,
4,CrippenLogP; AATS3i; XLogP; AATSC3s,0.648591436604172,0.8884897173168512,kNN_initial_k3,,,,,
4,CrippenLogP; AATS3i; XLogP; FPSA-2,0.7070402989033429,0.8112415341109372,kNN_initial_k3,,,,,
4,CrippenLogP; AATS3i; SHBa; ALogP,0.7310217998023848,0.7773288336061874,kNN_initial_k3,,,,,
4,CrippenLogP; AATS3i; SHBa; GATS3c,0.6799755820119482,0.8478866433669069,kNN_initial_k3,,,,,
4,CrippenLogP; AATS3i; SHBa; RDF30i,0.7697732011893422,0.7191577635601865,kNN_initial_k3,,,,,
4,CrippenLogP; AATS3i; SHBa; AATSC3s,0.7285958247960814,0.7808264169028438,kNN_initial_k3,,,,,
4,CrippenLogP; AATS3i; SHBa; FPSA-2,0.7045189626221221,0.8147250006392751,kNN_initial_k3,,,,,
4,CrippenLogP; AATS3i; ALogP; GATS3c,0.6664924473944654,0.8655637751713556,kNN_initial_k3,,,,,
4,CrippenLogP; AATS3i; ALogP; RDF30i,0.7103223095202542,0.806684589332576,kNN_initial_k3,,,,,
4,CrippenLogP; AATS3i; ALogP; AATSC3s,0.663273588891566,0.8697307527173123,kNN_initial_k3,,,,,
4,CrippenLogP; AATS3i; ALogP; FPSA-2,0.6999393264244458,0.8210144023638618,kNN_initial_k3,,,,,
4,CrippenLogP; AATS3i; GATS3c; RDF30i,0.7532857511530275,0.7444634010853425,kNN_initial_k3,,,,,
4,CrippenLogP; AATS3i; GATS3c; AATSC3s,0.6449508121969799,0.8930802751028476,kNN_initial_k3,,,,,
4,CrippenLogP; AATS3i; GATS3c; FPSA-2,0.6920060201621919,0.8317969998075788,kNN_initial_k3,,,,,
4,CrippenLogP; AATS3i; RDF30i; AATSC3s,0.6635671532345855,0.8693515463327313,kNN_initial_k3,,,,,
4,CrippenLogP; AATS3i; RDF30i; FPSA-2,0.6506893332126649,0.8858336211978209,kNN_initial_k3,,,,,
4,CrippenLogP; AATS3i; AATSC3s; FPSA-2,0.7053985813529999,0.8135114176621413,kNN_initial_k3,,,,,
4,CrippenLogP; XLogP; SHBa; ALogP,0.704026328650038,0.8154038835652757,kNN_initial_k3,,,,,
4,CrippenLogP; XLogP; SHBa; GATS3c,0.6632260269610886,0.8697921744110295,kNN_initial_k3,,,,,
4,CrippenLogP; XLogP; SHBa; RDF30i,0.693618773209116,0.8296163664945116,kNN_initial_k3,,,,,
4,CrippenLogP; XLogP; SHBa; AATSC3s,0.5804191173046309,0.9708543522760423,kNN_initial_k3,,,,,
4,CrippenLogP; XLogP; SHBa; FPSA-2,0.7144129916622644,0.8009685414824009,kNN_initial_k3,,,,,
4,CrippenLogP; XLogP; ALogP; GATS3c,0.5660305313387062,0.9873606703395338,kNN_initial_k3,,,,,
4,CrippenLogP; XLogP; ALogP; RDF30i,0.6371792224336987,0.9028015802674105,kNN_initial_k3,,,,,
4,CrippenLogP; XLogP; ALogP; AATSC3s,0.4479801520604204,1.1135855383000945,kNN_initial_k3,,,,,
4,CrippenLogP; XLogP; ALogP; FPSA-2,0.5909022158899548,0.9586493878832287,kNN_initial_k3,,,,,
4,CrippenLogP; XLogP; GATS3c; RDF30i,0.6854598445445472,0.8405901260424132,kNN_initial_k3,,,,,
4,CrippenLogP; XLogP; GATS3c; AATSC3s,0.5525801934816863,1.0025449150370604,kNN_initial_k3,,,,,
4,CrippenLogP; XLogP; GATS3c; FPSA-2,0.6980327735989897,0.823618590260214,kNN_initial_k3,,,,,
4,CrippenLogP; XLogP; RDF30i; AATSC3s,0.5605532270136566,0.9935720719818077,kNN_initial_k3,,,,,
4,CrippenLogP; XLogP; RDF30i; FPSA-2,0.7002614971714907,0.8205735284272554,kNN_initial_k3,,,,,
4,CrippenLogP; XLogP; AATSC3s; FPSA-2,0.533572871216919,1.0236185248638503,kNN_initial_k3,,,,,
4,CrippenLogP; SHBa; ALogP; GATS3c,0.6970886178393192,0.8249051824300778,kNN_initial_k3,,,,,
4,CrippenLogP; SHBa; ALogP; RDF30i,0.704218594390629,0.8151389956456643,kNN_initial_k3,,,,,
4,CrippenLogP; SHBa; ALogP; AATSC3s,0.7110060221631169,0.8057320370666391,kNN_initial_k3,,,,,
4,CrippenLogP; SHBa; ALogP; FPSA-2,0.7102781900922324,0.8067460181356817,kNN_initial_k3,,,,,
4,CrippenLogP; SHBa; GATS3c; RDF30i,0.6693890955813262,0.8617966916725649,kNN_initial_k3,,,,,
4,CrippenLogP; SHBa; GATS3c; AATSC3s,0.6732615151538573,0.8567347469705351,kNN_initial_k3,,,,,
4,CrippenLogP; SHBa; GATS3c; FPSA-2,0.6866655909218442,0.838977435797756,kNN_initial_k3,,,,,
4,CrippenLogP; SHBa; RDF30i; AATSC3s,0.6891633836517888,0.8356267268743063,kNN_initial_k3,,,,,
4,CrippenLogP; SHBa; RDF30i; FPSA-2,0.6892055246301236,0.8355700808430134,kNN_initial_k3,,,,,
4,CrippenLogP; SHBa; AATSC3s; FPSA-2,0.6976485982387515,0.8241423447708804,kNN_initial_k3,,,,,
4,CrippenLogP; ALogP; GATS3c; RDF30i,0.6453514067111712,0.8925763110855627,kNN_initial_k3,,,,,
4,CrippenLogP; ALogP; GATS3c; AATSC3s,0.5867589465552621,0.9634916732616035,kNN_initial_k3,,,,,
4,CrippenLogP; ALogP; GATS3c; FPSA-2,0.6568257422233692,0.8780183394693101,kNN_initial_k3,,,,,
4,CrippenLogP; ALogP; RDF30i; AATSC3s,0.6382186998992931,0.9015073944356875,kNN_initial_k3,,,,,
4,CrippenLogP; ALogP; RDF30i; FPSA-2,0.6520043394739312,0.8841646553542942,kNN_initial_k3,,,,,
4,CrippenLogP; ALogP; AATSC3s; FPSA-2,0.615289773802774,0.9296363590135662,kNN_initial_k3,,,,,
4,CrippenLogP; GATS3c; RDF30i; AATSC3s,0.6365982704675832,0.9035240782624446,kNN_initial_k3,,,,,
4,CrippenLogP; GATS3c; RDF30i; FPSA-2,0.6734810043621425,0.8564469393955472,kNN_initial_k3,,,,,
4,CrippenLogP; GATS3c; AATSC3s; FPSA-2,0.685783400206373,0.8401576730326015,kNN_initial_k3,,,,,
4,CrippenLogP; RDF30i; AATSC3s; FPSA-2,0.679213958020408,0.8488949836895808,kNN_initial_k3,,,,,
4,AATS3i; XLogP; SHBa; ALogP,0.7335759783484113,0.7736293284110795,kNN_initial_k3,,,,,
4,AATS3i; XLogP; SHBa; GATS3c,0.7052063947503966,0.8137767261356152,kNN_initial_k3,,,,,
4,AATS3i; XLogP; SHBa; RDF30i,0.6772478934283646,0.8514924048725012,kNN_initial_k3,,,,,
4,AATS3i; XLogP; SHBa; AATSC3s,0.5874693227645575,0.9626631786640413,kNN_initial_k3,,,,,
4,AATS3i; XLogP; SHBa; FPSA-2,0.6992250269494207,0.8219910407730192,kNN_initial_k3,,,,,
4,AATS3i; XLogP; ALogP; GATS3c,0.5889291080170254,0.9609584243521326,kNN_initial_k3,,,,,
4,AATS3i; XLogP; ALogP; RDF30i,0.6195654805595205,0.924455890420594,kNN_initial_k3,,,,,
4,AATS3i; XLogP; ALogP; AATSC3s,0.4256423867304022,1.1358930094374597,kNN_initial_k3,,,,,
4,AATS3i; XLogP; ALogP; FPSA-2,0.5708095952648404,0.9819089932937327,kNN_initial_k3,,,,,
4,AATS3i; XLogP; GATS3c; RDF30i,0.71619783817677,0.7984616932298978,kNN_initial_k3,,,,,
4,AATS3i; XLogP; GATS3c; AATSC3s,0.543005850255782,1.0132148724617982,kNN_initial_k3,,,,,
4,AATS3i; XLogP; GATS3c; FPSA-2,0.6030137704773694,0.9443521141796398,kNN_initial_k3,,,,,
4,AATS3i; XLogP; RDF30i; AATSC3s,0.6304422471066813,0.9111447866405329,kNN_initial_k3,,,,,
4,AATS3i; XLogP; RDF30i; FPSA-2,0.6584665496868563,0.875916804775938,kNN_initial_k3,,,,,
4,AATS3i; XLogP; AATSC3s; FPSA-2,0.682203237221618,0.8449304665671215,kNN_initial_k3,,,,,
4,AATS3i; SHBa; ALogP; GATS3c,0.5973601922205496,0.9510527173144038,kNN_initial_k3,,,,,
4,AATS3i; SHBa; ALogP; RDF30i,0.6010069498217717,0.9467360209336779,kNN_initial_k3,,,,,
4,AATS3i; SHBa; ALogP; AATSC3s,0.6306848030598682,0.9108457266616438,kNN_initial_k3,,,,,
4,AATS3i; SHBa; ALogP; FPSA-2,0.7023624524631997,0.8176926507625657,kNN_initial_k3,,,,,
4,AATS3i; SHBa; GATS3c; RDF30i,0.6408000445379729,0.8982854656387235,kNN_initial_k3,,,,,
4,AATS3i; SHBa; GATS3c; AATSC3s,0.5452851014548414,1.0106850174235513,kNN_initial_k3,,,,,
4,AATS3i; SHBa; GATS3c; FPSA-2,0.5737164126830931,0.9785782112613972,kNN_initial_k3,,,,,
4,AATS3i; SHBa; RDF30i; AATSC3s,0.5759382116816891,0.9760246945874089,kNN_initial_k3,,,,,
4,AATS3i; SHBa; RDF30i; FPSA-2,0.6804255032337378,0.8472904132848691,kNN_initial_k3,,,,,
4,AATS3i; SHBa; AATSC3s; FPSA-2,0.6404509451122372,0.8987218726861189,kNN_initial_k3,,,,,
4,AATS3i; ALogP; GATS3c; RDF30i,0.6032835518767001,0.9440311812176075,kNN_initial_k3,,,,,
4,AATS3i; ALogP; GATS3c; AATSC3s,0.5369682133672556,1.0198860197754127,kNN_initial_k3,,,,,
4,AATS3i; ALogP; GATS3c; FPSA-2,0.6670549997784911,0.8648334611678457,kNN_initial_k3,,,,,
4,AATS3i; ALogP; RDF30i; AATSC3s,0.6133982571949399,0.9319189425886544,kNN_initial_k3,,,,,
4,AATS3i; ALogP; RDF30i; FPSA-2,0.6412562137038744,0.8977148916369088,kNN_initial_k3,,,,,
4,AATS3i; ALogP; AATSC3s; FPSA-2,0.5938296091849531,0.9552133118372625,kNN_initial_k3,,,,,
4,AATS3i; GATS3c; RDF30i; AATSC3s,0.5190575081734955,1.039424167508145,kNN_initial_k3,,,,,
4,AATS3i; GATS3c; RDF30i; FPSA-2,0.5503241633466041,1.005069308831762,kNN_initial_k3,,,,,
4,AATS3i; GATS3c; AATSC3s; FPSA-2,0.5404917926909599,1.015998044617541,kNN_initial_k3,,,,,
4,AATS3i; RDF30i; AATSC3s; FPSA-2,0.5983147546255743,0.9499246894125637,kNN_initial_k3,,,,,
4,XLogP; SHBa; ALogP; GATS3c,0.5155485278300322,1.043209121466598,kNN_initial_k3,,,,,
4,XLogP; SHBa; ALogP; RDF30i,0.6188296951208936,0.9253494379002034,kNN_initial_k3,,,,,
4,XLogP; SHBa; ALogP; AATSC3s,0.5483644792548013,1.0072569704124388,kNN_initial_k3,,,,,
4,XLogP; SHBa; ALogP; FPSA-2,0.5713643525570993,0.981274196587727,kNN_initial_k3,,,,,
4,XLogP; SHBa; GATS3c; RDF30i,0.6763099104317175,0.8527288119130646,kNN_initial_k3,,,,,
4,XLogP; SHBa; GATS3c; AATSC3s,0.5134576962653721,1.0454578773596446,kNN_initial_k3,,,,,
4,XLogP; SHBa; GATS3c; FPSA-2,0.6115129924881167,0.934188432098507,kNN_initial_k3,,,,,
4,XLogP; SHBa; RDF30i; AATSC3s,0.6712268774956593,0.8593980994471268,kNN_initial_k3,,,,,
4,XLogP; SHBa; RDF30i; FPSA-2,0.6782753814888551,0.8501359525262873,kNN_initial_k3,,,,,
4,XLogP; SHBa; AATSC3s; FPSA-2,0.6240416834075562,0.9190012114609352,kNN_initial_k3,,,,,
4,XLogP; ALogP; GATS3c; RDF30i,0.634410184251655,0.9062401104441239,kNN_initial_k3,,,,,
4,XLogP; ALogP; GATS3c; AATSC3s,0.36586289633123614,1.1935423075869576,kNN_initial_k3,,,,,
4,XLogP; ALogP; GATS3c; FPSA-2,0.4798287266615414,1.0809843785488609,kNN_initial_k3,,,,,
4,XLogP; ALogP; RDF30i; AATSC3s,0.6211785105894008,0.9224939770956654,kNN_initial_k3,,,,,
4,XLogP; ALogP; RDF30i; FPSA-2,0.6265280406983094,0.9159573158419798,kNN_initial_k3,,,,,
4,XLogP; ALogP; AATSC3s; FPSA-2,0.4952702890552757,1.0648187034003072,kNN_initial_k3,,,,,
4,XLogP; GATS3c; RDF30i; AATSC3s,0.5270401490571466,1.0307619382443909,kNN_initial_k3,,,,,
4,XLogP; GATS3c; RDF30i; FPSA-2,0.6634271165872838,0.8695324567451944,kNN_initial_k3,,,,,
4,XLogP; GATS3c; AATSC3s; FPSA-2,0.5531710832005801,1.001882685525384,kNN_initial_k3,,,,,
4,XLogP; RDF30i; AATSC3s; FPSA-2,0.67603043462892,0.8530968578589941,kNN_initial_k3,,,,,
4,SHBa; ALogP; GATS3c; RDF30i,0.521930689968618,1.0363147226805398,kNN_initial_k3,,,,,
4,SHBa; ALogP; GATS3c; AATSC3s,0.48510711171970244,1.0754858044416744,kNN_initial_k3,,,,,
4,SHBa; ALogP; GATS3c; FPSA-2,0.5726429850208685,0.9798095189032066,kNN_initial_k3,,,,,
4,SHBa; ALogP; RDF30i; AATSC3s,0.5820042175602788,0.969018761428281,kNN_initial_k3,,,,,
4,SHBa; ALogP; RDF30i; FPSA-2,0.6564394301374692,0.8785123941451632,kNN_initial_k3,,,,,
4,SHBa; ALogP; AATSC3s; FPSA-2,0.6083583544620601,0.9379737167604076,kNN_initial_k3,,,,,
4,SHBa; GATS3c; RDF30i; AATSC3s,0.4937569728896246,1.066413815864492,kNN_initial_k3,,,,,
4,SHBa; GATS3c; RDF30i; FPSA-2,0.5230638668113925,1.0350857956925332,kNN_initial_k3,,,,,
4,SHBa; GATS3c; AATSC3s; FPSA-2,0.4315339388509337,1.1300522033172724,kNN_initial_k3,,,,,
4,SHBa; RDF30i; AATSC3s; FPSA-2,0.5444655088874697,1.0115954527379016,kNN_initial_k3,,,,,
4,ALogP; GATS3c; RDF30i; AATSC3s,0.470548452283327,1.0905845649619899,kNN_initial_k3,,,,,
4,ALogP; GATS3c; RDF30i; FPSA-2,0.571776621902894,0.9808021796241868,kNN_initial_k3,,,,,
4,ALogP; GATS3c; AATSC3s; FPSA-2,0.4714412870581144,1.0896646293444807,kNN_initial_k3,,,,,
4,ALogP; RDF30i; AATSC3s; FPSA-2,0.6160493797756337,0.928718127313126,kNN_initial_k3,,,,,
4,GATS3c; RDF30i; AATSC3s; FPSA-2,0.5048130245689793,1.0547046053016191,kNN_initial_k3,,,,,
2,CrippenLogP; AATS3i,0.8454020312580229,0.5893158575840295,kNN_k_tuning,2.0,,,,
2,CrippenLogP; AATS3i,0.7971829201371708,0.6749918024193579,kNN_k_tuning,3.0,,,,
2,CrippenLogP; AATS3i,0.7036334552830568,0.8159448847808289,kNN_k_tuning,4.0,,,,
2,CrippenLogP; AATS3i,0.6434914977363998,0.894913751374958,kNN_k_tuning,5.0,,,,
2,CrippenLogP; AATS3i,0.574024762969849,0.9782242221949367,kNN_k_tuning,6.0,,,,
2,CrippenLogP; AATS3i,0.516600339798883,1.0420760295816094,kNN_k_tuning,7.0,,,,
15,Mi; CrippenLogP; AATS3i; XLogP; SHBa; ALogP; GATS3c; RDF30i; AATSC3s; FPSA-2; LipoaffinityIndex; εα; ATSC4s; AATS5i; RDF20i,0.8497228378420298,0.5810222025242107,PLS_LV_tuning,,1.0,,,
15,Mi; CrippenLogP; AATS3i; XLogP; SHBa; ALogP; GATS3c; RDF30i; AATSC3s; FPSA-2; LipoaffinityIndex; εα; ATSC4s; AATS5i; RDF20i,0.8583481857794546,0.5641015672243513,PLS_LV_tuning,,2.0,,,
15,Mi; CrippenLogP; AATS3i; XLogP; SHBa; ALogP; GATS3c; RDF30i; AATSC3s; FPSA-2; LipoaffinityIndex; εα; ATSC4s; AATS5i; RDF20i,0.8543384170079387,0.5720299243217988,PLS_LV_tuning,,3.0,,,
15,Mi; CrippenLogP; AATS3i; XLogP; SHBa; ALogP; GATS3c; RDF30i; AATSC3s; FPSA-2; LipoaffinityIndex; εα; ATSC4s; AATS5i; RDF20i,0.7760687401526373,0.7092569456369319,PLS_LV_tuning,,4.0,,,
15,Mi; CrippenLogP; AATS3i; XLogP; SHBa; ALogP; GATS3c; RDF30i; AATSC3s; FPSA-2; LipoaffinityIndex; εα; ATSC4s; AATS5i; RDF20i,0.6556038545788655,0.8795800627905284,PLS_LV_tuning,,5.0,,,
15,Mi; CrippenLogP; AATS3i; XLogP; SHBa; ALogP; GATS3c; RDF30i; AATSC3s; FPSA-2; LipoaffinityIndex; εα; ATSC4s; AATS5i; RDF20i,0.4213940787383237,1.1400861573618022,PLS_LV_tuning,,6.0,,,
15,Mi; CrippenLogP; AATS3i; XLogP; SHBa; ALogP; GATS3c; RDF30i; AATSC3s; FPSA-2; LipoaffinityIndex; εα; ATSC4s; AATS5i; RDF20i,0.2727589327006915,1.278160621877445,PLS_LV_tuning,,7.0,,,
15,Mi; CrippenLogP; AATS3i; XLogP; SHBa; ALogP; GATS3c; RDF30i; AATSC3s; FPSA-2; LipoaffinityIndex; εα; ATSC4s; AATS5i; RDF20i,0.06087122686702362,1.452475478381834,PLS_LV_tuning,,8.0,,,
2,FPSA-2; AMR,0.9246168264434279,0.4115128907611316,SVR_RFE_grid,,,100.0,0.1,0.1
3,FPSA-2; AMR; AATSC3s,0.9076006918384625,0.45559672700696763,SVR_RFE_grid,,,100.0,0.1,0.01
4,FPSA-2; AMR; AATSC3s; RDF20m,0.8830595008547804,0.5125411126484377,SVR_RFE_grid,,,10.0,0.05,0.01
