Model,term,coefficient_on_scaled_X
MLR_allsub_TOP10_Q2LOO,Intercept,4.88108
MLR_allsub_TOP10_Q2LOO,CrippenLogP,1.1492029317406438
MLR_allsub_TOP10_Q2LOO,SHBa,-0.6825815497569115
MLR_allsub_TOP10_Q2LOO,ALogP,-0.3985745968535912
MLR_allsub_TOP10_Q2LOO,RDF30i,-0.2660658360960371
PLS_TOP15_LV2,Mi,-0.17430978897751315
PLS_TOP15_LV2,CrippenLogP,0.3529536188133964
PLS_TOP15_LV2,AATS3i,-0.16037655776907705
PLS_TOP15_LV2,XLogP,0.13613950083236584
PLS_TOP15_LV2,SHBa,-0.005777065898898371
PLS_TOP15_LV2,ALogP,0.19338555226545262
PLS_TOP15_LV2,GATS3c,-0.04784825257499413
PLS_TOP15_LV2,RDF30i,-0.12655310952200077
PLS_TOP15_LV2,AATSC3s,0.052647790747580664
PLS_TOP15_LV2,FPSA-2,-0.06319605985883567
PLS_TOP15_LV2,LipoaffinityIndex,0.13306774664346657
PLS_TOP15_LV2,εα,-0.004236539021683829
PLS_TOP15_LV2,ATSC4s,-0.05049272874907636
PLS_TOP15_LV2,AATS5i,-0.2071808422532018
PLS_TOP15_LV2,RDF20i,-0.09329165137062988
