descriptor,VIP,VIP_gt_1
CrippenLogP,1.2294497761613135,True
Mi,1.1951709922221943,True
SHBa,1.0845749837582457,True
AATS3i,1.0804494915852219,True
XLogP,1.0493509219337798,True
ALogP,1.042722137935268,True
GATS3c,0.9860319234713404,False
RDF30i,0.9446592867541896,False
AATSC3s,0.9369616776493399,False
FPSA-2,0.925531136858878,False
εα,0.907893098074375,False
LipoaffinityIndex,0.8985591519402609,False
AATS5i,0.8927746042094845,False
ATSC4s,0.8790068519912109,False
RDF20i,0.8528866126356509,False
