Model,Family,index_original,Organic compounds,EXP LogKda,LOO_predicted,LOO_residual
PLS_TOP15_LV2,PLS,0,Trimethoprim,0.594,-0.5020257836772846,1.0960257836772844
PLS_TOP15_LV2,PLS,1,Sulfadiazine,0.853,0.46781394417697886,0.3851860558230211
PLS_TOP15_LV2,PLS,4,γ-Hexachlorocyclohexane,2.58,3.3130512533966643,-0.7330512533966642
PLS_TOP15_LV2,PLS,6,Phenanthrene,4.0,4.977222004731271,-0.9772220047312707
PLS_TOP15_LV2,PLS,7,Anthracene,4.29,4.961976557387582,-0.6719765573875822
PLS_TOP15_LV2,PLS,8,Pentachlorobenzene,4.5,4.209356091953151,0.2906439080468486
PLS_TOP15_LV2,PLS,9,Fluoranthene,4.79,5.433611679257195,-0.6436116792571953
PLS_TOP15_LV2,PLS,10,Pyrene,4.8,5.368751964910317,-0.5687519649103168
PLS_TOP15_LV2,PLS,11,"2,3-dichlorobiphenyl",4.98,4.546394430378233,0.43360556962176755
PLS_TOP15_LV2,PLS,12,"2,4′-dichlorobiphenyl",4.98,4.452392858625508,0.5276071413744923
PLS_TOP15_LV2,PLS,13,Hexachlorobenzene,5.01,4.305628826181529,0.7043711738184708
PLS_TOP15_LV2,PLS,14,"2,4,4′-trichlorobiohenyl",5.09,4.7647225639558854,0.3252774360441144
PLS_TOP15_LV2,PLS,15,"2,2′,5,5′-tetrachlorobiphenyl",5.09,5.244272493890462,-0.1542724938904625
PLS_TOP15_LV2,PLS,18,"2,2′,3,5′,6-pentachlorobiphenyl",5.26,5.5527658604946835,-0.29276586049468367
PLS_TOP15_LV2,PLS,19,"2,2′,3,3′,4,4′-hexachlorobiphenyl",5.45,5.944525504857754,-0.49452550485775415
PLS_TOP15_LV2,PLS,20,"2,2′,3,4′,5-pentachlorobiphenyl",5.51,5.462909065410106,0.04709093458989422
PLS_TOP15_LV2,PLS,22,Chrysene,5.51,5.5757377052685575,-0.06573770526855771
PLS_TOP15_LV2,PLS,23,"3,3′,4,4′-tetrachlorobiphenyl",5.63,5.367251071206673,0.2627489287933269
PLS_TOP15_LV2,PLS,24,"2,3,3′,4′,6-pentachlorobiphenyl",5.63,5.535903917963036,0.09409608203696429
PLS_TOP15_LV2,PLS,26,"2,2′,3,4′,5,5′,6-heptachlorobiphenyl",5.73,6.361308539498845,-0.6313085394988445
PLS_TOP15_LV2,PLS,28,"2,2′,3,4,4′,5-hexachlorobiphenyl",5.77,5.846996902727712,-0.07699690272771242
PLS_TOP15_LV2,PLS,30,Benzo[a]pyrene,6.1,5.965649763104423,0.13435023689557646
PLS_TOP15_LV2,PLS,32,"2,2′,4,4′,5,5′-hexachlorobiphenyl",6.19,5.8721280705804055,0.31787192941959486
PLS_TOP15_LV2,PLS,33,"Benzo[g,h,i]perylene",6.69,6.341693988503866,0.3483060114961347
PLS_TOP15_LV2,PLS,34,"Dibenz[a,h]anthracene",7.0,5.700830182348593,1.299169817651407
