index_original,Organic compounds,EXP LogKda,Set_used,MW
0,Trimethoprim,0.594,TS,290.137890436
1,Sulfadiazine,0.853,TS,250.05244656
2,β-Hexachlorocyclohexane,2.18,VS,287.860066272
3,δ-Hexachlorocyclohexane,2.23,VS,287.860066272
4,γ-Hexachlorocyclohexane,2.58,TS,287.860066272
5,α-Hexachlorocyclohexane,2.69,VS,287.860066272
6,Phenanthrene,4.0,TS,178.07825032
7,Anthracene,4.29,TS,178.07825032
8,Pentachlorobenzene,4.5,TS,247.852088432
9,Fluoranthene,4.79,TS,202.07825032
10,Pyrene,4.8,TS,202.07825032
11,"2,3-dichlorobiphenyl",4.98,TS,222.000305616
12,"2,4′-dichlorobiphenyl",4.98,TS,222.000305616
13,Hexachlorobenzene,5.01,TS,281.81311608
14,"2,4,4′-trichlorobiohenyl",5.09,TS,255.961333264
15,"2,2′,5,5′-tetrachlorobiphenyl",5.09,TS,289.922360912
16,"2,2′,3,5′-tetrachlorobiphenyl",5.14,VS,289.922360912
17,"2,3′,4,4'-tetrachlorobiphenyl",5.26,VS,289.922360912
18,"2,2′,3,5′,6-pentachlorobiphenyl",5.26,TS,323.88338856
19,"2,2′,3,3′,4,4′-hexachlorobiphenyl",5.45,TS,357.844416208
20,"2,2′,3,4′,5-pentachlorobiphenyl",5.51,TS,323.88338856
21,"2,2′,4,5,5′-pentachlorobiphenyl",5.51,VS,323.88338856
22,Chrysene,5.51,TS,228.093900384
23,"3,3′,4,4′-tetrachlorobiphenyl",5.63,TS,289.922360912
24,"2,3,3′,4′,6-pentachlorobiphenyl",5.63,TS,323.88338856
25,"2,3′,4,4′,5-pentachlorobiphenyl",5.71,VS,323.88338856
26,"2,2′,3,4′,5,5′,6-heptachlorobiphenyl",5.73,TS,391.805443856
27,"2,3,3′,4,4′-pentachlorobiphenyl",5.77,VS,323.88338856
28,"2,2′,3,4,4′,5-hexachlorobiphenyl",5.77,TS,357.844416208
29,"2,3,3′,4,5,6-hexachlorobiphenyl",6.06,VS,357.844416208
30,Benzo[a]pyrene,6.1,TS,252.093900384
31,"2,2′,3,3′,4,6′-hexachlorobiphenyl",6.19,VS,357.844416208
32,"2,2′,4,4′,5,5′-hexachlorobiphenyl",6.19,TS,357.844416208
33,"Benzo[g,h,i]perylene",6.69,TS,276.093900384
34,"Dibenz[a,h]anthracene",7.0,TS,278.109550448
