Model,Model_type,Set,Organic compounds,EXP LogKda,Predicted LogKda,Residual,Standardized residual,Leverage h,Warning leverage h*,n_descriptors,descriptors,Outside leverage domain,Outlier residual,Outside applicability domain
MLR_uncorrelated,MLR,TS,Trimethoprim,0.594,0.5556138372675177,0.0383861627324823,0.16513640218643413,0.6878428466263495,0.625,4,AATS4i; AMR; ATSC1i; minwHBa,True,False,True
MLR_uncorrelated,MLR,TS,Sulfadiazine,0.853,0.9769313672550481,-0.12393136725504816,-0.5331499334583494,0.41140453574612745,0.625,4,AATS4i; AMR; ATSC1i; minwHBa,False,False,False
MLR_uncorrelated,MLR,VS,β-Hexachlorocyclohexane,2.18,2.364047481565386,-0.18404748156538586,-0.791768094899036,0.4382606953874589,0.625,4,AATS4i; AMR; ATSC1i; minwHBa,False,False,False
MLR_uncorrelated,MLR,TS,δ-Hexachlorocyclohexane,2.23,2.364047481565386,-0.13404748156538604,-0.5766692279749198,0.4382606953874589,0.625,4,AATS4i; AMR; ATSC1i; minwHBa,False,False,False
MLR_uncorrelated,MLR,TS,γ-Hexachlorocyclohexane,2.58,2.364047481565386,0.21595251843461405,0.9290228404938992,0.4382606953874589,0.625,4,AATS4i; AMR; ATSC1i; minwHBa,False,False,False
MLR_uncorrelated,MLR,VS,α-Hexachlorocyclohexane,2.69,2.364047481565386,0.3259525184346139,1.4022403477269558,0.4382606953874589,0.625,4,AATS4i; AMR; ATSC1i; minwHBa,False,False,False
MLR_uncorrelated,MLR,TS,Phenanthrene,4.0,4.287682618429265,-0.28768261842926535,-1.2376041051579612,0.22499191951364408,0.625,4,AATS4i; AMR; ATSC1i; minwHBa,False,False,False
MLR_uncorrelated,MLR,TS,Anthracene,4.29,4.545090424612736,-0.2550904246127361,-1.0973932259478283,0.12955831137122611,0.625,4,AATS4i; AMR; ATSC1i; minwHBa,False,False,False
MLR_uncorrelated,MLR,VS,Pentachlorobenzene,4.5,4.7123684074319385,-0.21236840743193852,-0.9136040761817839,0.5929664269855537,0.625,4,AATS4i; AMR; ATSC1i; minwHBa,False,False,False
MLR_uncorrelated,MLR,TS,Fluoranthene,4.79,4.711562173919424,0.07843782608057648,0.33743775027845896,0.24943386264159884,0.625,4,AATS4i; AMR; ATSC1i; minwHBa,False,False,False
MLR_uncorrelated,MLR,TS,Pyrene,4.8,4.802966395578376,-0.00296639557837608,-0.012761366555148106,0.19348137054116585,0.625,4,AATS4i; AMR; ATSC1i; minwHBa,False,False,False
MLR_uncorrelated,MLR,VS,"2,3-dichlorobiphenyl",4.98,4.497620770054797,0.4823792299452032,2.0751845157788256,0.0989767430687599,0.625,4,AATS4i; AMR; ATSC1i; minwHBa,False,False,False
MLR_uncorrelated,MLR,TS,"2,4′-dichlorobiphenyl",4.98,4.493374999309715,0.48662500069028525,2.0934497253085596,0.09965462336712337,0.625,4,AATS4i; AMR; ATSC1i; minwHBa,False,False,False
MLR_uncorrelated,MLR,TS,Hexachlorobenzene,5.01,5.049905427967539,-0.03990542796753882,-0.17167224679879134,0.5512307089772464,0.625,4,AATS4i; AMR; ATSC1i; minwHBa,False,False,False
MLR_uncorrelated,MLR,VS,"2,4,4′-trichlorobiohenyl",5.09,4.785726880568438,0.30427311943156177,1.3089760645039088,0.06350343325588202,0.625,4,AATS4i; AMR; ATSC1i; minwHBa,False,False,False
MLR_uncorrelated,MLR,TS,"2,2′,5,5′-tetrachlorobiphenyl",5.09,5.289407955937903,-0.19940795593790295,-0.8578485075579432,0.06465498440545851,0.625,4,AATS4i; AMR; ATSC1i; minwHBa,False,False,False
MLR_uncorrelated,MLR,TS,"2,2′,3,5′-tetrachlorobiphenyl",5.14,5.289407955937903,-0.14940795593790313,-0.642749640633827,0.06465498440545851,0.625,4,AATS4i; AMR; ATSC1i; minwHBa,False,False,False
MLR_uncorrelated,MLR,TS,"2,3′,4,4'-tetrachlorobiphenyl",5.26,5.147138636751405,0.11286136324859442,0.48552702708567663,0.05138920226791663,0.625,4,AATS4i; AMR; ATSC1i; minwHBa,False,False,False
MLR_uncorrelated,MLR,VS,"2,2′,3,5′,6-pentachlorobiphenyl",5.26,5.542030457546176,-0.28203045754617584,-1.2132886371254539,0.06636321581310647,0.625,4,AATS4i; AMR; ATSC1i; minwHBa,False,False,False
MLR_uncorrelated,MLR,TS,"2,2′,3,3′,4,4′-hexachlorobiphenyl",5.45,5.899892240917403,-0.44989224091740265,-1.935426225185703,0.10150229262086402,0.625,4,AATS4i; AMR; ATSC1i; minwHBa,False,False,False
MLR_uncorrelated,MLR,VS,"2,2′,3,4′,5-pentachlorobiphenyl",5.51,5.562990998268349,-0.05299099826834919,-0.22796607369399505,0.06883613549273884,0.625,4,AATS4i; AMR; ATSC1i; minwHBa,False,False,False
MLR_uncorrelated,MLR,TS,"2,2′,4,5,5′-pentachlorobiphenyl",5.51,5.563355485336799,-0.05335548533679901,-0.22953408880263607,0.06885689434759727,0.625,4,AATS4i; AMR; ATSC1i; minwHBa,False,False,False
MLR_uncorrelated,MLR,TS,Chrysene,5.51,5.564983806423342,-0.05498380642334233,-0.23653908921671835,0.09812718375381234,0.625,4,AATS4i; AMR; ATSC1i; minwHBa,False,False,False
MLR_uncorrelated,MLR,VS,"3,3′,4,4′-tetrachlorobiphenyl",5.63,5.147186397778355,0.48281360222164516,2.0770531754685435,0.05040126405146604,0.625,4,AATS4i; AMR; ATSC1i; minwHBa,False,False,False
MLR_uncorrelated,MLR,TS,"2,3,3′,4′,6-pentachlorobiphenyl",5.63,5.48966834099533,0.14033165900467015,0.6037036169097221,0.06132385108941853,0.625,4,AATS4i; AMR; ATSC1i; minwHBa,False,False,False
MLR_uncorrelated,MLR,TS,"2,3′,4,4′,5-pentachlorobiphenyl",5.71,5.4651858949385685,0.24481410506143142,1.0531847321151124,0.05998632798700008,0.625,4,AATS4i; AMR; ATSC1i; minwHBa,False,False,False
MLR_uncorrelated,MLR,VS,"2,2′,3,4′,5,5′,6-heptachlorobiphenyl",5.73,6.244732591301169,-0.5147325913011684,-2.214367943155918,0.15295733949041587,0.625,4,AATS4i; AMR; ATSC1i; minwHBa,False,False,False
MLR_uncorrelated,MLR,TS,"2,3,3′,4,4′-pentachlorobiphenyl",5.77,5.4651858949385685,0.30481410506143103,1.311303372424051,0.05998632798700008,0.625,4,AATS4i; AMR; ATSC1i; minwHBa,False,False,False
MLR_uncorrelated,MLR,TS,"2,2′,3,4,4′,5-hexachlorobiphenyl",5.77,5.855538619914498,-0.08553861991449807,-0.36798520443722477,0.09551820893256874,0.625,4,AATS4i; AMR; ATSC1i; minwHBa,False,False,False
MLR_uncorrelated,MLR,VS,"2,3,3′,4,5,6-hexachlorobiphenyl",6.06,5.809443660400062,0.25055633959993795,1.077887694972018,0.09009184310119413,0.625,4,AATS4i; AMR; ATSC1i; minwHBa,False,False,False
MLR_uncorrelated,MLR,TS,Benzo[a]pyrene,6.1,6.146144630576508,-0.046144630576508305,-0.19851315503277794,0.1463062318100797,0.625,4,AATS4i; AMR; ATSC1i; minwHBa,False,False,False
MLR_uncorrelated,MLR,TS,"2,2′,3,3′,4,6′-hexachlorobiphenyl",6.19,5.924374686974148,0.26562531302585235,1.1427140771644944,0.10203591627766724,0.625,4,AATS4i; AMR; ATSC1i; minwHBa,False,False,False
MLR_uncorrelated,MLR,VS,"2,2′,4,4′,5,5′-hexachlorobiphenyl",6.19,5.899892240917389,0.29010775908261177,1.2480370052912897,0.1015022926208639,0.625,4,AATS4i; AMR; ATSC1i; minwHBa,False,False,False
MLR_uncorrelated,MLR,TS,"Benzo[g,h,i]perylene",6.69,6.600124798087487,0.08987520191251352,0.38664108191915775,0.24891208337229354,0.625,4,AATS4i; AMR; ATSC1i; minwHBa,False,False,False
MLR_uncorrelated,MLR,TS,"Dibenz[a,h]anthracene",7.0,7.095368844799731,-0.09536884479973118,-0.41027460912568275,0.35262594118346463,0.625,4,AATS4i; AMR; ATSC1i; minwHBa,False,False,False
PLS_correlated_SAFE_bestVS,PLS,TS,Trimethoprim,0.594,0.6254098728714181,-0.031409872871418165,-0.15991669388852173,0.5893037532461315,0.625,4,log D; TPSA; naAromAtom; AATSC1i,False,False,False
PLS_correlated_SAFE_bestVS,PLS,TS,Sulfadiazine,0.853,0.826337062753189,0.026662937246811014,0.13574867976454266,0.7040595309785653,0.625,4,log D; TPSA; naAromAtom; AATSC1i,True,False,True
PLS_correlated_SAFE_bestVS,PLS,VS,β-Hexachlorocyclohexane,2.18,2.4698507871391286,-0.2898507871391285,-1.4757136964554123,0.3331992696228727,0.625,4,log D; TPSA; naAromAtom; AATSC1i,False,False,False
PLS_correlated_SAFE_bestVS,PLS,TS,δ-Hexachlorocyclohexane,2.23,2.4698507871391286,-0.23985078713912866,-1.2211493202429262,0.3331992696228727,0.625,4,log D; TPSA; naAromAtom; AATSC1i,False,False,False
PLS_correlated_SAFE_bestVS,PLS,TS,γ-Hexachlorocyclohexane,2.58,2.4698507871391286,0.11014921286087143,0.5608013132444839,0.3331992696228727,0.625,4,log D; TPSA; naAromAtom; AATSC1i,False,False,False
PLS_correlated_SAFE_bestVS,PLS,VS,α-Hexachlorocyclohexane,2.69,2.4698507871391286,0.2201492128608713,1.120842940911955,0.3331992696228727,0.625,4,log D; TPSA; naAromAtom; AATSC1i,False,False,False
PLS_correlated_SAFE_bestVS,PLS,TS,Phenanthrene,4.0,4.233729854007703,-0.23372985400770308,-1.1899858897541322,0.17715116632469707,0.625,4,log D; TPSA; naAromAtom; AATSC1i,False,False,False
PLS_correlated_SAFE_bestVS,PLS,TS,Anthracene,4.29,4.233729854007703,0.05627014599229696,0.2864874922782931,0.17715116632469707,0.625,4,log D; TPSA; naAromAtom; AATSC1i,False,False,False
PLS_correlated_SAFE_bestVS,PLS,VS,Pentachlorobenzene,4.5,4.660898238582831,-0.16089823858283125,-0.8191791947705273,0.6676361366488625,0.625,4,log D; TPSA; naAromAtom; AATSC1i,True,False,True
PLS_correlated_SAFE_bestVS,PLS,TS,Fluoranthene,4.79,4.599792675875996,0.1902073241240041,0.968400176333469,0.22083412912772934,0.625,4,log D; TPSA; naAromAtom; AATSC1i,False,False,False
PLS_correlated_SAFE_bestVS,PLS,TS,Pyrene,4.8,4.5997926758759915,0.20020732412400832,1.019313051575988,0.22083412912773126,0.625,4,log D; TPSA; naAromAtom; AATSC1i,False,False,False
PLS_correlated_SAFE_bestVS,PLS,VS,"2,3-dichlorobiphenyl",4.98,4.871623975862716,0.10837602413728487,0.5517734996179473,0.1861635947406833,0.625,4,log D; TPSA; naAromAtom; AATSC1i,False,False,False
PLS_correlated_SAFE_bestVS,PLS,TS,"2,4′-dichlorobiphenyl",4.98,4.871623975862716,0.10837602413728487,0.5517734996179473,0.1861635947406833,0.625,4,log D; TPSA; naAromAtom; AATSC1i,False,False,False
PLS_correlated_SAFE_bestVS,PLS,TS,Hexachlorobenzene,5.01,4.799495742430111,0.21050425756988922,1.0717377003670312,0.40674550094016837,0.625,4,log D; TPSA; naAromAtom; AATSC1i,False,False,False
PLS_correlated_SAFE_bestVS,PLS,VS,"2,4,4′-trichlorobiohenyl",5.09,5.107802294542884,-0.017802294542883956,-0.09063660010920435,0.09582952481011885,0.625,4,log D; TPSA; naAromAtom; AATSC1i,False,False,False
PLS_correlated_SAFE_bestVS,PLS,TS,"2,2′,5,5′-tetrachlorobiphenyl",5.09,5.343323133527217,-0.2533231335272168,-1.2897409093309704,0.05985774837070416,0.625,4,log D; TPSA; naAromAtom; AATSC1i,False,False,False
PLS_correlated_SAFE_bestVS,PLS,TS,"2,2′,3,5′-tetrachlorobiphenyl",5.14,5.343323133527217,-0.20332313352721698,-1.0351765331184843,0.05985774837070416,0.625,4,log D; TPSA; naAromAtom; AATSC1i,False,False,False
PLS_correlated_SAFE_bestVS,PLS,TS,"2,3′,4,4'-tetrachlorobiphenyl",5.26,5.343323133527359,-0.08332313352735898,-0.42422203020923815,0.059857748370728686,0.625,4,log D; TPSA; naAromAtom; AATSC1i,False,False,False
PLS_correlated_SAFE_bestVS,PLS,VS,"2,2′,3,5′,6-pentachlorobiphenyl",5.26,5.573855320820618,-0.3138553208206183,-1.597927679313414,0.08188787041908074,0.625,4,log D; TPSA; naAromAtom; AATSC1i,False,False,False
PLS_correlated_SAFE_bestVS,PLS,TS,"2,2′,3,3′,4,4′-hexachlorobiphenyl",5.45,5.801564442420635,-0.351564442420635,-1.7899156596659958,0.16212041746375014,0.625,4,log D; TPSA; naAromAtom; AATSC1i,False,False,False
PLS_correlated_SAFE_bestVS,PLS,VS,"2,2′,3,4′,5-pentachlorobiphenyl",5.51,5.5738553208206225,-0.06385532082062273,-0.3251057982510013,0.0818878704190807,0.625,4,log D; TPSA; naAromAtom; AATSC1i,False,False,False
PLS_correlated_SAFE_bestVS,PLS,TS,"2,2′,4,5,5′-pentachlorobiphenyl",5.51,5.573855320820618,-0.06385532082061829,-0.3251057982509787,0.08188787041908074,0.625,4,log D; TPSA; naAromAtom; AATSC1i,False,False,False
PLS_correlated_SAFE_bestVS,PLS,TS,Chrysene,5.51,5.552148659364737,-0.04214865936473711,-0.21459094358753808,0.1107222784873582,0.625,4,log D; TPSA; naAromAtom; AATSC1i,False,False,False
PLS_correlated_SAFE_bestVS,PLS,VS,"3,3′,4,4′-tetrachlorobiphenyl",5.63,5.343323133527354,0.28667686647264556,1.4595543537631894,0.05985774837072805,0.625,4,log D; TPSA; naAromAtom; AATSC1i,False,False,False
PLS_correlated_SAFE_bestVS,PLS,TS,"2,3,3′,4′,6-pentachlorobiphenyl",5.63,5.57385532082069,0.056144679179309875,0.2858487046586246,0.08188787041907847,0.625,4,log D; TPSA; naAromAtom; AATSC1i,False,False,False
PLS_correlated_SAFE_bestVS,PLS,TS,"2,3′,4,4′,5-pentachlorobiphenyl",5.71,5.57385532082069,0.13614467917930995,0.6931517065986044,0.08188787041907847,0.625,4,log D; TPSA; naAromAtom; AATSC1i,False,False,False
PLS_correlated_SAFE_bestVS,PLS,VS,"2,2′,3,4′,5,5′,6-heptachlorobiphenyl",5.73,6.0286160843249395,-0.298616084324939,-1.520340344663871,0.3056317401697249,0.625,4,log D; TPSA; naAromAtom; AATSC1i,False,False,False
PLS_correlated_SAFE_bestVS,PLS,TS,"2,3,3′,4,4′-pentachlorobiphenyl",5.77,5.57385532082069,0.19614467917930956,0.9986289580535869,0.08188787041907847,0.625,4,log D; TPSA; naAromAtom; AATSC1i,False,False,False
PLS_correlated_SAFE_bestVS,PLS,TS,"2,2′,3,4,4′,5-hexachlorobiphenyl",5.77,5.801564442420635,-0.03156444242063561,-0.16070365190608138,0.16212041746375014,0.625,4,log D; TPSA; naAromAtom; AATSC1i,False,False,False
PLS_correlated_SAFE_bestVS,PLS,VS,"2,3,3′,4,5,6-hexachlorobiphenyl",6.06,5.801564442420635,0.2584355575793644,1.315769730126344,0.16212041746375014,0.625,4,log D; TPSA; naAromAtom; AATSC1i,False,False,False
PLS_correlated_SAFE_bestVS,PLS,TS,Benzo[a]pyrene,6.1,6.1079203057684515,-0.007920305768451819,-0.04032455394716201,0.12855669602384584,0.625,4,log D; TPSA; naAromAtom; AATSC1i,False,False,False
PLS_correlated_SAFE_bestVS,PLS,TS,"2,2′,3,3′,4,6′-hexachlorobiphenyl",6.19,5.80156444242064,0.38843555757936077,1.9776371082787918,0.1621204174637491,0.625,4,log D; TPSA; naAromAtom; AATSC1i,False,False,False
PLS_correlated_SAFE_bestVS,PLS,VS,"2,2′,4,4′,5,5′-hexachlorobiphenyl",6.19,5.801564442420703,0.3884355575792977,1.9776371082784707,0.16212041746373376,0.625,4,log D; TPSA; naAromAtom; AATSC1i,False,False,False
PLS_correlated_SAFE_bestVS,PLS,TS,"Benzo[g,h,i]perylene",6.69,6.822222143037532,-0.13222214303753166,-0.6731809472765498,0.18219766467176712,0.625,4,log D; TPSA; naAromAtom; AATSC1i,False,False,False
PLS_correlated_SAFE_bestVS,PLS,TS,"Dibenz[a,h]anthracene",7.0,7.005011592739804,-0.005011592739803561,-0.025515459592782452,0.2363958715811306,0.625,4,log D; TPSA; naAromAtom; AATSC1i,False,False,False
EXH50_kNN_uncorrelated_CVrank1,kNN,TS,Trimethoprim,0.594,0.594,0.0,0.0,0.5151659817762567,0.625,4,GATS1i; AMR; nHeteroRing; SwHBa,False,False,False
EXH50_kNN_uncorrelated_CVrank1,kNN,TS,Sulfadiazine,0.853,0.853,0.0,0.0,0.5151659817762562,0.625,4,GATS1i; AMR; nHeteroRing; SwHBa,False,False,False
EXH50_kNN_uncorrelated_CVrank1,kNN,VS,β-Hexachlorocyclohexane,2.18,2.4050000000000002,-0.2250000000000001,-3.0507321446314126,0.4834145476714654,0.625,4,GATS1i; AMR; nHeteroRing; SwHBa,False,True,True
EXH50_kNN_uncorrelated_CVrank1,kNN,TS,δ-Hexachlorocyclohexane,2.23,2.4050000000000002,-0.17500000000000027,-2.372791668046657,0.4834145476714654,0.625,4,GATS1i; AMR; nHeteroRing; SwHBa,False,False,False
EXH50_kNN_uncorrelated_CVrank1,kNN,TS,γ-Hexachlorocyclohexane,2.58,2.4050000000000002,0.17499999999999982,2.3727916680466508,0.4834145476714654,0.625,4,GATS1i; AMR; nHeteroRing; SwHBa,False,False,False
EXH50_kNN_uncorrelated_CVrank1,kNN,VS,α-Hexachlorocyclohexane,2.69,2.4050000000000002,0.2849999999999997,3.8642607165331166,0.4834145476714654,0.625,4,GATS1i; AMR; nHeteroRing; SwHBa,False,True,True
EXH50_kNN_uncorrelated_CVrank1,kNN,TS,Phenanthrene,4.0,4.145,-0.14499999999999957,-1.9660273820957925,0.20851516613407864,0.625,4,GATS1i; AMR; nHeteroRing; SwHBa,False,False,False
EXH50_kNN_uncorrelated_CVrank1,kNN,TS,Anthracene,4.29,4.145,0.14500000000000046,1.9660273820958047,0.20851516613407864,0.625,4,GATS1i; AMR; nHeteroRing; SwHBa,False,False,False
EXH50_kNN_uncorrelated_CVrank1,kNN,VS,Pentachlorobenzene,4.5,4.9034965604577465,-0.4034965604577465,-5.4709330099407065,0.3444819588175101,0.625,4,GATS1i; AMR; nHeteroRing; SwHBa,False,True,True
EXH50_kNN_uncorrelated_CVrank1,kNN,TS,Fluoranthene,4.79,4.795,-0.004999999999999893,-0.06779404765847435,0.13990265726310455,0.625,4,GATS1i; AMR; nHeteroRing; SwHBa,False,False,False
EXH50_kNN_uncorrelated_CVrank1,kNN,TS,Pyrene,4.8,4.795,0.004999999999999893,0.06779404765847435,0.13990265726310455,0.625,4,GATS1i; AMR; nHeteroRing; SwHBa,False,False,False
EXH50_kNN_uncorrelated_CVrank1,kNN,VS,"2,3-dichlorobiphenyl",4.98,4.964098058046377,0.015901941953623044,0.2156114021332473,0.11274746674388342,0.625,4,GATS1i; AMR; nHeteroRing; SwHBa,False,False,False
EXH50_kNN_uncorrelated_CVrank1,kNN,TS,"2,4′-dichlorobiphenyl",4.98,4.98,0.0,0.0,0.11344618300830434,0.625,4,GATS1i; AMR; nHeteroRing; SwHBa,False,False,False
EXH50_kNN_uncorrelated_CVrank1,kNN,TS,Hexachlorobenzene,5.01,5.01,0.0,0.0,0.2817322216472886,0.625,4,GATS1i; AMR; nHeteroRing; SwHBa,False,False,False
EXH50_kNN_uncorrelated_CVrank1,kNN,VS,"2,4,4′-trichlorobiohenyl",5.09,5.16333363373151,-0.0733336337315098,-0.9943167720326369,0.06333520739826054,0.625,4,GATS1i; AMR; nHeteroRing; SwHBa,False,False,False
EXH50_kNN_uncorrelated_CVrank1,kNN,TS,"2,2′,5,5′-tetrachlorobiphenyl",5.09,5.09,0.0,0.0,0.05306915020111811,0.625,4,GATS1i; AMR; nHeteroRing; SwHBa,False,False,False
EXH50_kNN_uncorrelated_CVrank1,kNN,TS,"2,2′,3,5′-tetrachlorobiphenyl",5.14,5.14,0.0,0.0,0.0536197959616894,0.625,4,GATS1i; AMR; nHeteroRing; SwHBa,False,False,False
EXH50_kNN_uncorrelated_CVrank1,kNN,TS,"2,3′,4,4'-tetrachlorobiphenyl",5.26,5.26,0.0,0.0,0.05406727162740895,0.625,4,GATS1i; AMR; nHeteroRing; SwHBa,False,False,False
EXH50_kNN_uncorrelated_CVrank1,kNN,VS,"2,2′,3,5′,6-pentachlorobiphenyl",5.26,5.5587173740006826,-0.29871737400068277,-4.050251977883406,0.08415832225985977,0.625,4,GATS1i; AMR; nHeteroRing; SwHBa,False,True,True
EXH50_kNN_uncorrelated_CVrank1,kNN,TS,"2,2′,3,3′,4,4′-hexachlorobiphenyl",5.45,5.45,0.0,0.0,0.16085058091746987,0.625,4,GATS1i; AMR; nHeteroRing; SwHBa,False,False,False
EXH50_kNN_uncorrelated_CVrank1,kNN,VS,"2,2′,3,4′,5-pentachlorobiphenyl",5.51,5.575354498055966,-0.06535449805596638,-0.8861291911803899,0.08478941029952518,0.625,4,GATS1i; AMR; nHeteroRing; SwHBa,False,False,False
EXH50_kNN_uncorrelated_CVrank1,kNN,TS,"2,2′,4,5,5′-pentachlorobiphenyl",5.51,5.51,0.0,0.0,0.0844893877344367,0.625,4,GATS1i; AMR; nHeteroRing; SwHBa,False,False,False
EXH50_kNN_uncorrelated_CVrank1,kNN,TS,Chrysene,5.51,5.51,0.0,0.0,0.1345244353427427,0.625,4,GATS1i; AMR; nHeteroRing; SwHBa,False,False,False
EXH50_kNN_uncorrelated_CVrank1,kNN,VS,"3,3′,4,4′-tetrachlorobiphenyl",5.63,5.194571124043686,0.43542887595631363,5.903897193691775,0.05461535288515576,0.625,4,GATS1i; AMR; nHeteroRing; SwHBa,False,True,True
EXH50_kNN_uncorrelated_CVrank1,kNN,TS,"2,3,3′,4′,6-pentachlorobiphenyl",5.63,5.63,0.0,0.0,0.08536563450018876,0.625,4,GATS1i; AMR; nHeteroRing; SwHBa,False,False,False
EXH50_kNN_uncorrelated_CVrank1,kNN,TS,"2,3′,4,4′,5-pentachlorobiphenyl",5.71,5.71,0.0,0.0,0.08590147502248742,0.625,4,GATS1i; AMR; nHeteroRing; SwHBa,False,False,False
EXH50_kNN_uncorrelated_CVrank1,kNN,VS,"2,2′,3,4′,5,5′,6-heptachlorobiphenyl",5.73,5.803313089220083,-0.07331308922008262,-0.9940382129152739,0.27028617880293054,0.625,4,GATS1i; AMR; nHeteroRing; SwHBa,False,False,False
EXH50_kNN_uncorrelated_CVrank1,kNN,TS,"2,3,3′,4,4′-pentachlorobiphenyl",5.77,5.77,0.0,0.0,0.08713966737640211,0.625,4,GATS1i; AMR; nHeteroRing; SwHBa,False,False,False
EXH50_kNN_uncorrelated_CVrank1,kNN,TS,"2,2′,3,4,4′,5-hexachlorobiphenyl",5.77,5.77,0.0,0.0,0.16008116552939006,0.625,4,GATS1i; AMR; nHeteroRing; SwHBa,False,False,False
EXH50_kNN_uncorrelated_CVrank1,kNN,VS,"2,3,3′,4,5,6-hexachlorobiphenyl",6.06,6.158365628838313,-0.09836562883831323,-1.33372082588411,0.15861364331449962,0.625,4,GATS1i; AMR; nHeteroRing; SwHBa,False,False,False
EXH50_kNN_uncorrelated_CVrank1,kNN,TS,Benzo[a]pyrene,6.1,6.1,0.0,0.0,0.15722386326813292,0.625,4,GATS1i; AMR; nHeteroRing; SwHBa,False,False,False
EXH50_kNN_uncorrelated_CVrank1,kNN,TS,"2,2′,3,3′,4,6′-hexachlorobiphenyl",6.19,6.19,0.0,0.0,0.15866774940871275,0.625,4,GATS1i; AMR; nHeteroRing; SwHBa,False,False,False
EXH50_kNN_uncorrelated_CVrank1,kNN,VS,"2,2′,4,4′,5,5′-hexachlorobiphenyl",6.19,5.917118033174838,0.2728819668251621,3.69995461281673,0.15711486722504275,0.625,4,GATS1i; AMR; nHeteroRing; SwHBa,False,True,True
EXH50_kNN_uncorrelated_CVrank1,kNN,TS,"Benzo[g,h,i]perylene",6.69,6.69,0.0,0.0,0.23211389733771418,0.625,4,GATS1i; AMR; nHeteroRing; SwHBa,False,False,False
EXH50_kNN_uncorrelated_CVrank1,kNN,TS,"Dibenz[a,h]anthracene",7.0,7.0,0.0,0.0,0.40371081542669796,0.625,4,GATS1i; AMR; nHeteroRing; SwHBa,False,False,False
GA_SVR_2desc,SVR,TS,Trimethoprim,0.594,2.54216193944261,-1.9481619394426102,-3.119731113602348,0.31522730097144863,0.375,2,ATS0p; GATS1i,False,True,True
GA_SVR_2desc,SVR,TS,Sulfadiazine,0.853,2.5386060561602313,-1.6856060561602313,-2.699281590617755,0.22880952832447213,0.375,2,ATS0p; GATS1i,False,False,False
GA_SVR_2desc,SVR,VS,β-Hexachlorocyclohexane,2.18,2.4797003407136167,-0.2997003407136165,-0.4799316005264957,0.2189444078925947,0.375,2,ATS0p; GATS1i,False,False,False
GA_SVR_2desc,SVR,TS,δ-Hexachlorocyclohexane,2.23,2.4797003407136167,-0.2497003407136167,-0.399863022795865,0.2189444078925947,0.375,2,ATS0p; GATS1i,False,False,False
GA_SVR_2desc,SVR,TS,γ-Hexachlorocyclohexane,2.58,2.4797003407136167,0.1002996592863834,0.1606170213185518,0.2189444078925947,0.375,2,ATS0p; GATS1i,False,False,False
GA_SVR_2desc,SVR,VS,α-Hexachlorocyclohexane,2.69,2.4797003407136167,0.21029965928638328,0.3367678923259397,0.2189444078925947,0.375,2,ATS0p; GATS1i,False,False,False
GA_SVR_2desc,SVR,TS,Phenanthrene,4.0,4.389905096579559,-0.3899050965795592,-0.624382930660992,0.200606992466598,0.375,2,ATS0p; GATS1i,False,False,False
GA_SVR_2desc,SVR,TS,Anthracene,4.29,4.389905096579559,-0.09990509657955915,-0.1599851798233325,0.200606992466598,0.375,2,ATS0p; GATS1i,False,False,False
GA_SVR_2desc,SVR,VS,Pentachlorobenzene,4.5,4.526945206541303,-0.026945206541302724,-0.04314928728840406,0.20897606342317693,0.375,2,ATS0p; GATS1i,False,False,False
GA_SVR_2desc,SVR,TS,Fluoranthene,4.79,4.719477879062016,0.0705221209379836,0.11293211844103794,0.12442098354549155,0.375,2,ATS0p; GATS1i,False,False,False
GA_SVR_2desc,SVR,TS,Pyrene,4.8,4.719477879062016,0.08052212093798339,0.12894583398716378,0.12442098354549155,0.375,2,ATS0p; GATS1i,False,False,False
GA_SVR_2desc,SVR,VS,"2,3-dichlorobiphenyl",4.98,4.733366233283471,0.24663376671652948,0.39495229842681484,0.11615492461560081,0.375,2,ATS0p; GATS1i,False,False,False
GA_SVR_2desc,SVR,TS,"2,4′-dichlorobiphenyl",4.98,4.733366233283471,0.24663376671652948,0.39495229842681484,0.11615492461560081,0.375,2,ATS0p; GATS1i,False,False,False
GA_SVR_2desc,SVR,TS,Hexachlorobenzene,5.01,4.726913380551625,0.2830866194483752,0.4533268598760755,0.11862946225203057,0.375,2,ATS0p; GATS1i,False,False,False
GA_SVR_2desc,SVR,VS,"2,4,4′-trichlorobiohenyl",5.09,4.959596208600217,0.13040379139978242,0.20882492216124926,0.06446342720533431,0.375,2,ATS0p; GATS1i,False,False,False
GA_SVR_2desc,SVR,TS,"2,2′,5,5′-tetrachlorobiphenyl",5.09,5.239700295262733,-0.14970029526273354,-0.23972579455085172,0.04473982314912141,0.375,2,ATS0p; GATS1i,False,False,False
GA_SVR_2desc,SVR,TS,"2,2′,3,5′-tetrachlorobiphenyl",5.14,5.239700295262733,-0.09970029526273372,-0.15965721682022105,0.04473982314912141,0.375,2,ATS0p; GATS1i,False,False,False
GA_SVR_2desc,SVR,TS,"2,3′,4,4'-tetrachlorobiphenyl",5.26,5.239700295262732,0.020299704737268165,0.03250736973329627,0.0447398231491213,0.375,2,ATS0p; GATS1i,False,False,False
GA_SVR_2desc,SVR,VS,"2,2′,3,5′,6-pentachlorobiphenyl",5.26,5.6105351943334325,-0.3505351943334327,-0.5613370890961656,0.05719732891633007,0.375,2,ATS0p; GATS1i,False,False,False
GA_SVR_2desc,SVR,TS,"2,2′,3,3′,4,4′-hexachlorobiphenyl",5.45,5.8828833018409705,-0.43288330184097035,-0.6932070060349184,0.10210358601203343,0.375,2,ATS0p; GATS1i,False,False,False
GA_SVR_2desc,SVR,VS,"2,2′,3,4′,5-pentachlorobiphenyl",5.51,5.6105351943334325,-0.10053519433343272,-0.16099420044301094,0.05719732891633007,0.375,2,ATS0p; GATS1i,False,False,False
GA_SVR_2desc,SVR,TS,"2,2′,4,5,5′-pentachlorobiphenyl",5.51,5.6105351943334325,-0.10053519433343272,-0.16099420044301094,0.05719732891633007,0.375,2,ATS0p; GATS1i,False,False,False
GA_SVR_2desc,SVR,TS,Chrysene,5.51,5.40962397010773,0.10037602989226979,0.1607393190344268,0.06067306672698499,0.375,2,ATS0p; GATS1i,False,False,False
GA_SVR_2desc,SVR,VS,"3,3′,4,4′-tetrachlorobiphenyl",5.63,5.239700295262732,0.39029970473726827,0.6250148449399655,0.0447398231491213,0.375,2,ATS0p; GATS1i,False,False,False
GA_SVR_2desc,SVR,TS,"2,3,3′,4′,6-pentachlorobiphenyl",5.63,5.6105351943334325,0.019464805666567386,0.03117038611050353,0.05719732891633007,0.375,2,ATS0p; GATS1i,False,False,False
GA_SVR_2desc,SVR,TS,"2,3′,4,4′,5-pentachlorobiphenyl",5.71,5.6105351943334325,0.09946480566656746,0.15928011047951318,0.05719732891633007,0.375,2,ATS0p; GATS1i,False,False,False
GA_SVR_2desc,SVR,VS,"2,2′,3,4′,5,5′,6-heptachlorobiphenyl",5.73,5.830251935606702,-0.10025193560670154,-0.16054059797542783,0.17980568139271563,0.375,2,ATS0p; GATS1i,False,False,False
GA_SVR_2desc,SVR,TS,"2,3,3′,4,4′-pentachlorobiphenyl",5.77,5.6105351943334325,0.15946480566656707,0.2553624037562697,0.05719732891633007,0.375,2,ATS0p; GATS1i,False,False,False
GA_SVR_2desc,SVR,TS,"2,2′,3,4,4′,5-hexachlorobiphenyl",5.77,5.8828833018409705,-0.11288330184097095,-0.18076810855888117,0.10210358601203343,0.375,2,ATS0p; GATS1i,False,False,False
GA_SVR_2desc,SVR,VS,"2,3,3′,4,5,6-hexachlorobiphenyl",6.06,5.8828833018409705,0.17711669815902908,0.2836296422787784,0.10210358601203343,0.375,2,ATS0p; GATS1i,False,False,False
GA_SVR_2desc,SVR,TS,Benzo[a]pyrene,6.1,6.075253373078386,0.024746626921613668,0.03962854442488297,0.08453674821515676,0.375,2,ATS0p; GATS1i,False,False,False
GA_SVR_2desc,SVR,TS,"2,2′,3,3′,4,6′-hexachlorobiphenyl",6.19,5.8828833018409705,0.30711669815902987,0.4918079443784201,0.10210358601203343,0.375,2,ATS0p; GATS1i,False,False,False
GA_SVR_2desc,SVR,VS,"2,2′,4,4′,5,5′-hexachlorobiphenyl",6.19,5.8828833018409705,0.30711669815902987,0.4918079443784201,0.10210358601203343,0.375,2,ATS0p; GATS1i,False,False,False
GA_SVR_2desc,SVR,TS,"Benzo[g,h,i]perylene",6.69,6.289029906050135,0.4009700939498657,0.6421021027016643,0.15500640133981994,0.375,2,ATS0p; GATS1i,False,False,False
GA_SVR_2desc,SVR,TS,"Dibenz[a,h]anthracene",7.0,6.211869980626125,0.7881300193738747,1.2620889943616154,0.1636982565963325,0.375,2,ATS0p; GATS1i,False,False,False
