Model,term,coefficient_scaled_X,coefficient_original_X,coefficient_on_scaled_X
MLR_uncorrelated,Intercept,4.789458333333333,-20.813119907316892,
MLR_uncorrelated,AATS4i,0.8080849502373494,0.11514493204828971,
MLR_uncorrelated,AMR,0.909265136006935,0.07197250710304573,
MLR_uncorrelated,ATSC1i,1.02552995110949,0.3543017822668804,
MLR_uncorrelated,minwHBa,0.9574780576582346,1.8760019585651495,
PLS_correlated_SAFE_bestVS,log D,,,0.4555654148476711
PLS_correlated_SAFE_bestVS,TPSA,,,-3.75234527198136
PLS_correlated_SAFE_bestVS,naAromAtom,,,1.7797195437235893
PLS_correlated_SAFE_bestVS,AATSC1i,,,-3.408996296979656
