Organic compounds,EXP LogKda,Set_used
Trimethoprim,0.594,TS
Sulfadiazine,0.853,TS
δ-Hexachlorocyclohexane,2.23,TS
γ-Hexachlorocyclohexane,2.58,TS
Phenanthrene,4.0,TS
Anthracene,4.29,TS
Fluoranthene,4.79,TS
Pyrene,4.8,TS
"2,4′-dichlorobiphenyl",4.98,TS
Hexachlorobenzene,5.01,TS
"2,2′,5,5′-tetrachlorobiphenyl",5.09,TS
"2,2′,3,5′-tetrachlorobiphenyl",5.14,TS
"2,3′,4,4'-tetrachlorobiphenyl",5.26,TS
"2,2′,3,3′,4,4′-hexachlorobiphenyl",5.45,TS
"2,2′,4,5,5′-pentachlorobiphenyl",5.51,TS
Chrysene,5.51,TS
"2,3,3′,4′,6-pentachlorobiphenyl",5.63,TS
"2,3′,4,4′,5-pentachlorobiphenyl",5.71,TS
"2,3,3′,4,4′-pentachlorobiphenyl",5.77,TS
"2,2′,3,4,4′,5-hexachlorobiphenyl",5.77,TS
Benzo[a]pyrene,6.1,TS
"2,2′,3,3′,4,6′-hexachlorobiphenyl",6.19,TS
"Benzo[g,h,i]perylene",6.69,TS
"Dibenz[a,h]anthracene",7.0,TS
β-Hexachlorocyclohexane,2.18,VS
α-Hexachlorocyclohexane,2.69,VS
Pentachlorobenzene,4.5,VS
"2,3-dichlorobiphenyl",4.98,VS
"2,4,4′-trichlorobiohenyl",5.09,VS
"2,2′,3,5′,6-pentachlorobiphenyl",5.26,VS
"2,2′,3,4′,5-pentachlorobiphenyl",5.51,VS
"3,3′,4,4′-tetrachlorobiphenyl",5.63,VS
"2,2′,3,4′,5,5′,6-heptachlorobiphenyl",5.73,VS
"2,3,3′,4,5,6-hexachlorobiphenyl",6.06,VS
"2,2′,4,4′,5,5′-hexachlorobiphenyl",6.19,VS
