set,compound,y_obs,y_pred,residual
TS,"2,3,3′,4,5,6-hexachlorobiphenyl",6.06,6.05868860776398,0.0013113922360199481
TS,Pyrene,4.8,5.111873678541499,-0.31187367854149883
TS,"2,2′,5,5′-tetrachlorobiphenyl",5.09,5.184017373795785,-0.09401737379578545
TS,Sulfadiazine,0.853,0.19376434466888792,0.6592356553311121
TS,"3,3′,4,4′-tetrachlorobiphenyl",5.63,5.409987262338571,0.22001273766142848
TS,"2,4,4′-trichlorobiohenyl",5.09,4.923769902192642,0.16623009780735742
TS,"2,4′-dichlorobiphenyl",4.98,4.424806133787785,0.5551938662122158
TS,"2,2′,4,4′,5,5′-hexachlorobiphenyl",6.19,6.079231324904233,0.11076867509576704
TS,"2,2′,3,4′,5-pentachlorobiphenyl",5.51,5.5802675564993764,-0.07026755649937666
TS,Phenanthrene,4.0,4.351547006320798,-0.35154700632079816
TS,α-Hexachlorocyclohexane,2.69,2.391450249485559,0.29854975051444077
TS,"Dibenz[a,h]anthracene",7.0,6.409649481975171,0.5903505180248292
TS,"2,3-dichlorobiphenyl",4.98,4.342635265226771,0.6373647347732296
TS,"2,3′,4,4′,5-pentachlorobiphenyl",5.71,5.78569472790191,-0.07569472790190979
TS,Anthracene,4.29,4.7213159148453565,-0.4313159148453565
TS,"2,2′,3,4,4′,5-hexachlorobiphenyl",5.77,6.05868860776398,-0.2886886077639801
TS,β-Hexachlorocyclohexane,2.18,2.4736211180465726,-0.2936211180465724
TS,Trimethoprim,0.594,1.5909113427015837,-0.9969113427015838
TS,"2,2′,3,3′,4,4′-hexachlorobiphenyl",5.45,5.99706045634322,-0.5470604563432202
TS,"2,3,3′,4,4′-pentachlorobiphenyl",5.77,5.765152010761656,0.004847989238343509
TS,"2,2′,3,3′,4,6′-hexachlorobiphenyl",6.19,6.05868860776398,0.13131139223602073
TS,Chrysene,5.51,5.407514165417701,0.10248583458229898
TS,"2,2′,3,5′-tetrachlorobiphenyl",5.14,5.184017373795785,-0.04401737379578563
TS,Fluoranthene,4.79,4.762647487157193,0.02735251284280693
VS,"2,3,3′,4′,6-pentachlorobiphenyl",5.63,5.600810273639629,0.02918972636037065
VS,"2,2′,3,5′,6-pentachlorobiphenyl",5.26,5.641895707920137,-0.38189570792013683
VS,Benzo[a]pyrene,6.1,6.196179863659982,-0.09617986365998199
VS,"2,2′,3,4′,5,5′,6-heptachlorobiphenyl",5.73,6.5449059679099095,-0.8149059679099091
VS,γ-Hexachlorocyclohexane,2.58,2.555791986607586,0.024208013392414074
VS,Pentachlorobenzene,4.5,4.105403607684751,0.3945963923152487
VS,"2,3′,4,4'-tetrachlorobiphenyl",5.26,5.3278163937775584,-0.06781639377755866
VS,"Benzo[g,h,i]perylene",6.69,7.169730016164543,-0.4797300161645426
VS,"2,2′,4,5,5′-pentachlorobiphenyl",5.51,5.662438425060389,-0.15243842506038963
VS,Hexachlorobenzene,5.01,4.501653790388343,0.5083462096116564
VS,δ-Hexachlorocyclohexane,2.23,2.391450249485559,-0.1614502494855592
