Compound,Set,Observed_LogKd,Predicted_LogKd,Residual,Nearest_distance_std,Distance_threshold,Distance_AD,Range_AD,Leverage,Leverage_threshold_h*,Leverage_AD,Std_residual,Overall_AD
β-Hexachlorocyclohexane,VS,2.18,2.8176371901899704,-0.6376371901899702,0.17544262180865094,1.385413860696612,inside,outside,0.4082105333317776,0.48,inside,-1.5131429180314504,outside/warning
δ-Hexachlorocyclohexane,VS,2.23,2.705609485583248,-0.4756094855832482,0.3508852436173024,1.385413860696612,inside,outside,0.41201042463742044,0.48,inside,-1.1286435859308404,outside/warning
α-Hexachlorocyclohexane,VS,2.69,2.7206937175100108,-0.03069371751001082,0.30144318202496206,1.385413860696612,inside,outside,0.42130033996502636,0.48,inside,-0.07283762928648158,outside/warning
"2,2′,3,5′-tetrachlorobiphenyl",VS,5.14,5.209416468306567,-0.06941646830656722,0.6016414951726687,1.385413860696612,inside,inside,0.0618573145068444,0.48,inside,-0.16472853062655163,inside
"2,3′,4,4'-tetrachlorobiphenyl",VS,5.26,5.184103847843088,0.07589615215691214,0.3056065984676344,1.385413860696612,inside,inside,0.07959105152410305,0.48,inside,0.18010512389946137,inside
"2,2′,4,5,5′-pentachlorobiphenyl",VS,5.51,5.651515851851868,-0.1415158518518682,0.40895995914869876,1.385413860696612,inside,inside,0.06931934559877113,0.48,inside,-0.33582374477725463,inside
"2,3′,4,4′,5-pentachlorobiphenyl",VS,5.71,5.661927185127281,0.04807281487271897,0.3454335370934218,1.385413860696612,inside,inside,0.07016120585271726,0.48,inside,0.1140790413319839,inside
"2,3,3′,4,4′-pentachlorobiphenyl",VS,5.77,5.594324150167848,0.17567584983215134,0.2443642815151409,1.385413860696612,inside,inside,0.0964384532524463,0.48,inside,0.41688701997366284,inside
"2,3,3′,4,5,6-hexachlorobiphenyl",VS,6.06,6.023069168589044,0.03693083141095599,0.2672739497071095,1.385413860696612,inside,inside,0.08979161302231478,0.48,inside,0.08763859270795163,inside
"2,2′,3,3′,4,6′-hexachlorobiphenyl",VS,6.19,6.010247571451296,0.17975242854870466,0.22160185351980444,1.385413860696612,inside,inside,0.08787500890002815,0.48,inside,0.426560932207221,inside
Naphthalene,TRUE_EXT,,3.410685351980203,,1.2065022065875668,1.385413860696612,inside,inside,0.12269886318426576,0.48,inside,,inside
Nitrobenzene,TRUE_EXT,,1.7252211423832153,,1.7625851283689742,1.385413860696612,outside,outside,0.3182104644766372,0.48,inside,,outside/warning
