features,n_features,Q2CV,RMSECV,MAECV,R2_TS,RMSEC,MAE_TS,Q2Ext_R2_VS,RMSEP,MAE_VS,maxcorr,max_vif
"['log D', 'εβ', 'π']",3,0.8710234717920495,0.5382717369948338,0.4178728103093519,0.924113217243266,0.41288519104841226,0.3375938965037021,0.969384410462313,0.27040360635841104,0.18712007902631078,0.6375366472328992,2.611808565841144
"['log D', 'εβ']",2,0.8706733479450957,0.5390018467523463,0.41669799407415836,0.9184524023948938,0.4280079357013411,0.34286266964272644,0.9803063480333468,0.21687240493084178,0.14561954783593323,0.35787006375181674,1.1468823493239186
"['log D', 'εα', 'εβ']",3,0.8656764241835968,0.549316137959416,0.42303342217264556,0.9233753895170419,0.41488752418899694,0.33900721673348394,0.9420537690612226,0.37200927043121945,0.23177084606142984,0.5100640485290218,2.159711126594116
"['log D', 'εα', 'εβ', 'π']",4,0.8625128486820401,0.5557472118535908,0.43554456877280723,0.9258021984060356,0.40826462826531024,0.3412587991515173,0.9473933860583945,0.3544551907345054,0.2251526447203788,0.6512332517109967,2.8982962346734427
"['log D', 'εβ', ""V'""]",3,0.852775948587094,0.5750897381012023,0.43327307952773475,0.9333299195430966,0.38700067752749384,0.3134308470957971,0.9700485045612297,0.2674548154409999,0.21127085914832203,0.35787006375181674,1.221751356195041
"['log D', 'εα', 'εβ', ""V'""]",4,0.8495970973531353,0.5812652292715847,0.43908045975572535,0.9333299308326479,0.3870006447611902,0.31345490390833125,0.9700046784016291,0.2676504189083434,0.21129784068155194,0.5100640485290218,3.2428302465178
"['log D', 'π']",2,0.8322215732032335,0.6139235521087917,0.4750701862450441,0.8970175799000173,0.4809808466915178,0.3894680478616454,0.8478811526179388,0.6027436991989804,0.4365088119042964,0.1504172068690731,1.0231490921122595
"['log D', 'εβ', ""V'"", 'π']",4,0.825285080983244,0.6264857995393116,0.47682792192985274,0.9345191383363964,0.3835336102732461,0.3094247923318142,0.9648267386281933,0.2898327688458922,0.22571926921911575,0.6375366472328992,2.971020351058304
"['log D', ""Mw'"", 'εα', 'εβ']",4,0.8193000838330882,0.6371258283938405,0.4796356369161457,0.9296711673091762,0.3974778575735563,0.3280067944992338,0.9480469207253348,0.352246602426239,0.23926176352573716,0.5998443838146217,3.229504670165634
"['log D', ""Mw'"", 'εβ']",3,0.8174280130598033,0.6404176708196876,0.4774259151190182,0.9291236968844545,0.39902192929891944,0.3270708849955155,0.9606310635233425,0.30663237550116595,0.22009933317179234,0.5998443838146217,1.806184114025824
