quantity,reported,reproduced,abs_diff
full_R2,0.939,0.939,0.0
full_Q2_LOO,0.913,0.913,0.0
split_MLR_R2_TS,0.956,0.956,0.0
split_MLR_Q2_CV,0.917,0.917,0.0
split_MLR_Q2_ext,0.737,0.737,0.0
split_MLR_RMSEP,0.398,0.398,0.0
split_MLR_pi_Q2_ext,0.748,0.748,0.0
split_kNN_k1_Q2_ext,0.787,0.698,0.089
split_DT_Q2_ext,0.801,0.801,0.0
stab_MLR_mean,0.909,0.906,0.003
stab_MLR_sd,0.035,0.04,0.005
stab_kNN_mean,0.73,0.729,0.001
stab_kNN_sd,0.147,0.162,0.015
stab_DT_mean,0.797,0.795,0.002
stab_DT_sd,0.213,0.195,0.018
ext_naphthalene,3.5,3.495,0.005
ext_nitrobenzene,1.81,1.807,0.003
