seed,MLR,kNN (k = 3),Decision tree,SVR (tuned per split)
0,0.9442,0.9393,0.9023,0.9516
1,0.9284,0.9493,0.9283,0.9517
2,0.9098,0.3038,0.826,0.0524
3,0.9176,0.7964,0.8858,0.9328
4,0.9498,0.9059,0.881,0.9247
5,0.9229,0.7738,0.8968,0.9382
6,0.8998,0.6697,0.6642,0.8305
7,0.9487,0.8213,0.903,0.9325
8,0.9417,0.3749,0.7069,0.7189
9,0.9292,0.8149,0.844,0.9353
10,0.9204,0.6842,0.9276,0.9555
11,0.8833,0.7783,0.8764,0.9111
12,0.9503,0.7992,0.906,0.9723
13,0.9312,0.7544,0.8868,0.9636
14,0.9107,0.8059,0.9186,0.9677
15,0.8492,0.7818,0.8848,0.937
16,0.9521,0.8301,0.4859,0.9398
17,0.92,0.7564,0.8729,0.9583
18,0.8827,0.695,0.8951,0.9598
19,0.9023,0.6648,0.8134,0.907
20,0.9367,0.8234,0.9353,0.9812
21,0.9277,0.2732,0.6038,0.0286
22,0.8191,0.7774,0.9166,0.796
23,0.9532,0.8021,0.9179,0.9798
24,0.8619,0.8576,0.8553,0.8528
25,0.9552,0.9476,0.8942,0.9494
26,0.9443,0.915,0.8869,0.9595
27,0.7553,0.2971,0.2245,0.8395
28,0.936,0.9436,0.8905,0.9432
29,0.9323,0.9447,0.862,0.9207
30,0.9316,0.9351,0.9089,0.9552
31,0.947,0.462,0.7993,0.717
32,0.8842,0.6456,0.8193,0.9362
33,0.9498,0.7836,0.8833,0.9084
34,0.8586,0.7897,0.9286,0.964
35,0.9494,0.768,0.9107,0.9221
36,0.9113,0.7612,0.8662,0.9289
37,0.9247,0.6355,0.6373,0.9376
38,0.8971,0.6858,0.883,0.7617
39,0.8111,0.7865,0.8902,0.9381
40,0.9268,0.6779,0.8307,0.9422
41,0.9409,0.7141,0.8509,0.941
42,0.7365,0.8235,0.8011,0.8312
43,0.8825,0.3838,-0.3186,0.8516
44,0.9011,0.7802,0.909,0.9639
45,0.8658,0.5907,0.7092,0.9311
46,0.91,0.5831,0.4562,0.8722
47,0.9649,0.8439,0.9397,0.9714
48,0.8923,0.8117,0.9383,0.9527
49,0.8879,0.9528,0.346,0.9365
50,0.8313,0.7311,0.9452,0.9223
51,0.9214,0.956,0.8596,0.9229
52,0.9172,0.7976,0.9014,0.9454
53,0.9431,0.594,0.8303,0.6119
54,0.8171,0.6998,0.7427,0.8677
55,0.9103,0.7309,0.8997,0.8887
56,0.9023,0.7723,0.7956,0.9356
57,0.8822,0.7421,0.9098,0.9528
58,0.8451,0.8139,0.7759,0.808
59,0.9138,0.9423,0.6071,0.9183
60,0.8927,0.7955,0.8773,0.9219
61,0.879,0.6539,0.8469,0.9682
62,0.9368,0.7393,0.574,0.9593
63,0.9509,0.5222,0.8527,0.9421
64,0.8872,0.8097,0.9509,0.9429
65,0.9026,0.6872,0.7487,0.9184
66,0.9526,0.6887,0.8505,0.9712
67,0.8877,0.73,0.9021,0.9465
68,0.9592,0.5889,0.7926,0.9302
69,0.9616,0.9531,0.8783,0.9444
70,0.9574,0.0133,0.297,0.1279
71,0.9604,0.6211,0.8261,0.9605
72,0.9327,0.8901,0.9013,0.9267
73,0.9025,0.754,0.8988,0.858
74,0.8973,0.7313,0.8856,0.9544
75,0.9214,0.8181,0.9143,0.9524
76,0.8257,0.8122,0.8171,0.8509
77,0.908,0.7814,0.8815,0.9397
78,0.9277,0.7315,0.9113,0.9349
79,0.8903,0.6316,0.5158,0.9153
80,0.8398,0.6317,0.3805,0.9224
81,0.891,0.6597,0.567,0.9289
82,0.8857,0.6481,0.8424,0.8929
83,0.9307,0.6591,0.5323,0.9084
84,0.9468,0.8555,0.9129,0.9534
85,0.9246,0.814,0.824,0.9502
86,0.917,0.7546,0.9182,0.9453
87,0.9278,0.7442,0.8455,0.9691
88,0.8824,0.6839,0.8895,0.9306
89,0.9723,0.949,0.9172,0.9342
90,0.9178,0.5237,0.8138,0.8028
91,0.8681,0.6747,0.8739,0.9667
92,0.944,0.7099,0.883,0.936
93,0.9116,0.7288,0.9045,0.9239
94,0.9306,0.6744,0.7176,0.9575
95,0.8736,0.7744,0.8766,0.9189
96,0.8969,0.6958,0.826,0.9659
97,0.9318,0.3919,0.3677,0.7809
98,0.8691,0.7195,0.854,0.9042
99,0.8875,0.9474,0.8135,0.9256
100,0.8949,0.6809,0.8605,0.9261
101,0.9241,0.8012,0.8743,0.9665
102,0.9206,0.8103,0.9464,0.9598
103,0.9113,0.5652,0.8588,0.9532
104,0.8033,0.877,0.8007,0.8736
105,0.9192,0.9355,0.9452,0.9595
106,0.8933,0.7335,0.8518,0.9628
107,0.8441,0.7024,0.94,0.9333
108,0.9168,0.5884,0.8573,0.9609
109,0.9355,0.8308,0.8586,0.9609
110,0.9061,0.8995,0.9358,0.9411
111,0.9169,0.7914,0.8792,0.9319
112,0.9116,0.7794,0.8896,0.9473
113,0.8959,0.628,0.8268,0.9412
114,0.9237,0.7642,0.9006,0.969
115,0.8906,0.7351,0.9106,0.8969
116,0.8897,0.5793,0.4456,0.9264
117,0.9392,0.8463,0.9313,0.97
118,0.9179,0.4977,0.3995,0.714
119,0.9478,0.4327,0.4949,0.3206
120,0.9263,0.0122,0.5417,-0.2178
121,0.8919,0.9677,0.8954,0.9238
122,0.9226,0.7722,0.8468,0.9496
123,0.8734,0.5806,0.8896,0.903
124,0.9019,0.6672,0.7091,0.9351
125,0.9555,0.7309,0.8662,0.9331
126,0.8847,0.7052,0.889,0.9054
127,0.8506,0.7507,0.931,0.9341
128,0.8967,0.9256,0.783,0.9035
129,0.938,0.6586,0.7218,0.9608
130,0.9325,0.7962,0.8636,0.9442
131,0.9262,0.6439,0.9082,0.9542
132,0.8529,0.6713,0.8794,0.9465
133,0.9202,0.7735,0.6933,0.9546
134,0.9118,0.7474,0.9075,0.9358
135,0.932,0.3708,0.6564,0.7397
136,0.9479,0.9369,0.8823,0.9491
137,0.902,0.6011,0.8673,0.9256
138,0.8391,0.7515,0.9278,0.921
139,0.8965,0.9596,0.893,0.9423
140,0.8091,0.6297,0.8423,0.92
141,0.9235,0.831,0.8349,0.9469
142,0.7627,-0.0044,-0.4395,-0.0516
143,0.9269,0.7864,0.8302,0.9218
144,0.8905,0.7102,0.8641,0.8989
145,0.9185,0.6898,0.8035,0.9368
146,0.9238,0.8321,0.8719,0.9439
147,0.952,0.6335,0.6632,0.9817
148,0.8144,0.8628,0.7545,0.6642
149,0.8506,0.687,0.5408,0.9084
150,0.9219,0.6468,0.8452,0.891
151,0.9284,0.7532,0.8661,0.9569
152,0.8792,0.7588,0.8776,0.9604
153,0.9577,0.9265,0.9209,0.9495
154,0.8635,0.9145,0.9042,0.8831
155,0.9013,0.7554,0.9129,0.9618
156,0.9524,0.6881,0.3394,0.9757
157,0.8542,0.7728,0.3408,0.957
158,0.8842,0.6674,0.8717,0.9571
159,0.9235,0.7194,0.8202,0.946
160,0.8833,0.6877,0.8222,0.9373
161,0.9203,0.7587,0.9081,0.9048
162,0.918,0.927,0.805,0.9278
163,0.8446,0.6755,0.8337,0.9489
164,0.9439,0.4111,0.8501,0.3295
165,0.9127,0.8787,0.3326,0.8868
166,0.9399,0.7853,0.7918,0.9431
167,0.9152,0.7273,0.8457,0.9673
168,0.8113,0.7477,0.7683,0.8272
169,0.969,0.9055,0.8636,0.9428
170,0.9371,0.7943,0.8907,0.8831
171,0.8729,0.9056,0.8442,0.9459
172,0.928,0.8315,0.9245,0.9481
173,0.9048,0.7097,0.3433,0.9566
174,0.8862,0.6251,0.535,0.9366
175,0.9471,0.8813,0.9134,0.9221
176,0.9226,0.8152,0.9239,0.9767
177,0.9339,0.5973,0.7603,0.9519
178,0.8958,0.8455,0.38,0.9446
179,0.9362,0.374,0.682,0.3376
180,0.9327,0.8026,0.868,0.9756
181,0.9334,0.7711,0.9192,0.951
182,0.8248,0.7672,0.721,0.9065
183,0.9044,0.7411,0.8521,0.9248
184,0.9205,0.8613,0.9369,0.9612
185,0.9053,0.7557,0.9176,0.9592
186,0.9218,0.8895,0.8996,0.9103
187,0.9301,0.7515,0.857,0.9478
188,0.9424,0.5286,0.7367,0.7742
189,0.8789,0.8139,0.8103,0.9223
190,0.8743,0.8392,0.9212,0.9415
191,0.9389,0.9031,0.7669,0.9361
192,0.8967,0.9266,0.8864,0.9261
193,0.8834,0.6448,0.4238,0.942
194,0.9463,0.7931,0.9156,0.9685
195,0.9387,0.7095,0.899,0.9701
196,0.9082,0.7888,0.8811,0.9553
197,0.9433,0.7649,0.9236,0.926
198,0.9376,0.6398,0.857,0.9141
199,0.8942,0.6755,0.8951,0.9389
